2017-05-23 00:00	2104.6	2269.6	2100.4	2225.8	2316
2017-05-24 00:00	2225.8	2435.0	2222.0	2429.8	2264
2017-05-25 00:00	2420.5	2799.0	2205.8	2553.2	2919
2017-05-26 00:00	2552.6	2661.5	2241.4	2241.6	3174
2017-05-28 00:00	2117.1	2221.7	2089.7	2193.6	91
2017-05-29 00:00	2193.8	2352.6	2094.4	2321.2	5096
2017-05-30 00:00	2322.0	2339.1	2200.2	2210.7	5106
2017-05-31 00:00	2212.6	2335.7	2129.4	2283.6	5112
2017-06-01 00:00	2283.5	2475.2	2280.3	2401.5	2633
2017-06-02 00:00	2401.5	2449.0	2367.7	2429.9	3073
2017-06-04 00:00	2505.1	2525.9	2503.1	2511.2	40
2017-06-05 00:00	2510.3	2629.1	2500.8	2624.5	1784
2017-06-06 00:00	2690.0	2938.5	2670.8	2867.3	2448
2017-06-07 00:00	2867.7	2882.4	2656.3	2656.7	3081
2017-06-08 00:00	2656.7	2811.9	2609.3	2787.6	2763
2017-06-09 00:00	2787.7	2860.4	2769.8	2834.5	2294
2017-06-11 00:00	2922.7	2973.2	2855.0	2940.4	60
2017-06-12 00:00	2940.5	3000.0	2426.7	2523.6	1488
2017-06-13 00:00	2654.0	2784.5	2632.0	2709.2	2394
2017-06-14 00:00	2709.2	2811.1	2419.2	2461.2	1395
2017-06-15 00:00	2461.9	2482.0	2075.1	2391.7	2578
2017-06-16 00:00	2391.3	2520.7	2302.5	2487.9	2592
2017-06-18 00:00	2470.0	2508.5	2460.6	2484.6	79
2017-06-19 00:00	2484.7	2585.4	2458.2	2580.0	2794
2017-06-20 00:00	2597.0	2772.1	2583.7	2760.1	2389
2017-06-21 00:00	2759.8	2780.0	2569.3	2597.6	1933
2017-06-22 00:00	2597.5	2728.6	2572.5	2695.3	2385
2017-06-23 00:00	2694.9	2734.1	2664.1	2707.0	2217
2017-06-25 00:00	2472.5	2481.4	2407.6	2470.5	68
2017-06-26 00:00	2470.5	2556.0	2252.6	2387.2	2378
2017-06-27 00:00	2384.8	2470.0	2264.4	2447.6	3035
2017-06-28 00:00	2447.6	2602.3	2441.3	2594.8	2197
2017-06-29 00:00	2594.6	2595.0	2502.4	2556.2	2368
2017-06-30 00:00	2556.2	2558.3	2478.2	2501.2	1812
2017-07-02 00:00	2496.6	2520.5	2494.3	2519.5	49
2017-07-03 00:00	2521.9	2584.6	2471.4	2562.8	1957
2017-07-04 00:00	2564.1	2637.4	2543.9	2580.4	1847
2017-07-05 00:00	2580.5	2621.6	2537.5	2611.7	1843
2017-07-06 00:00	2611.9	2629.2	2578.4	2598.8	1830
2017-07-07 00:00	2599.1	2609.4	2486.7	2514.9	1672
2017-07-09 00:00	2527.1	2539.2	2515.0	2529.6	52
2017-07-10 00:00	2529.4	2529.9	2319.3	2330.9	1886
2017-07-11 00:00	2330.7	2408.4	2254.1	2324.1	2265
2017-07-12 00:00	2324.1	2413.0	2241.8	2362.0	2365
2017-07-13 00:00	2362.3	2417.5	2307.1	2328.0	2214
2017-07-14 00:00	2327.9	2352.1	2150.3	2157.9	2247
2017-07-16 00:00	1865.2	1899.8	1854.8	1888.8	79
2017-07-17 00:00	1888.7	2183.1	1873.8	2153.0	2143
2017-07-18 00:00	2153.2	2393.8	2144.0	2350.0	2762
2017-07-19 00:00	2350.0	2394.4	2216.0	2258.9	2454
2017-07-20 00:00	2258.8	2773.0	2241.7	2740.0	2385
2017-07-21 00:00	2634.6	2650.4	2612.8	2625.0	116
2017-07-23 00:00	2784.8	2792.0	2763.6	2774.4	77
2017-07-24 00:00	2774.7	2801.9	2719.7	2750.4	1900
2017-07-25 00:00	2750.1	2777.3	2449.8	2559.2	2368
2017-07-26 00:00	2559.3	2609.4	2402.6	2457.8	2075
2017-07-27 00:00	2457.0	2656.2	2449.3	2646.7	1958
2017-07-28 00:00	2646.8	2833.0	2634.9	2754.3	2494
2017-07-31 00:00	2759.5	2906.3	2678.2	2863.7	2977
2017-08-01 00:00	2863.6	2923.9	2637.9	2725.1	3444
2017-08-02 00:00	2725.2	2757.0	2648.9	2668.2	2561
2017-08-03 00:00	2668.0	2803.6	2657.2	2782.5	2250
2017-08-04 00:00	2782.5	2877.1	2761.3	2832.0	1983
2017-08-06 00:00	3264.6	3268.0	3244.6	3264.6	75
2017-08-07 00:00	3266.2	3422.6	3190.9	3371.0	2201
2017-08-08 00:00	3371.0	3486.6	3346.0	3432.0	2551
2017-08-09 00:00	3432.0	3453.5	3236.7	3353.8	2989
2017-08-10 00:00	3353.8	3460.2	3298.8	3438.3	2230
2017-08-11 00:00	3439.4	3588.3	3403.8	3587.9	1607
2017-08-13 00:00	4010.1	4116.3	4002.2	4100.0	70
2017-08-14 00:00	4100.2	4340.6	3978.0	4285.0	2573
2017-08-15 00:00	4285.0	4449.9	3807.5	4138.4	2855
2017-08-16 00:00	4138.4	4351.8	4111.8	4348.7	600
2017-08-17 00:00	4323.9	4476.3	4179.3	4313.1	1756
2017-08-18 00:00	4312.7	4335.8	4189.6	4300.4	631
2017-08-20 00:00	4117.8	4132.2	4111.2	4130.3	66
2017-08-21 00:00	4130.3	4149.0	3964.1	3996.6	1976
2017-08-22 00:00	3774.8	4141.3	3770.6	4097.1	1990
2017-08-23 00:00	4100.0	4259.9	4003.3	4096.3	2201
2017-08-24 00:00	4096.8	4258.9	4089.1	4236.4	2062
2017-08-25 00:00	4236.4	4453.0	4231.0	4329.0	1940
2017-08-27 00:00	4359.6	4363.1	4335.3	4354.5	38
2017-08-28 00:00	4354.9	4375.0	4185.7	4375.0	2092
2017-08-29 00:00	4375.0	4641.7	4345.8	4613.1	2072
2017-08-30 00:00	4613.1	4636.9	4495.3	4566.0	1757
2017-08-31 00:00	4566.0	4766.5	4564.7	4736.0	1556
2017-09-01 00:00	4736.0	4744.0	4725.1	4737.1	93
2017-09-04 00:00	4626.0	4628.2	4157.9	4504.2	2211
2017-09-05 00:00	4506.3	4522.3	4029.4	4435.8	2699
2017-09-06 00:00	4435.8	4681.3	4419.2	4594.0	2683
2017-09-07 00:00	4594.0	4690.0	4479.2	4612.0	3220
2017-09-08 00:00	4612.0	4692.4	4139.4	4247.4	2651
2017-09-10 00:00	4289.0	4321.2	4235.1	4257.3	40
2017-09-11 00:00	4255.7	4378.5	4110.1	4196.5	3790
2017-09-12 00:00	4196.0	4384.9	4078.7	4201.2	2217
2017-09-13 00:00	4205.3	4206.2	3732.0	3879.2	2737
2017-09-14 00:00	3877.4	3958.1	3241.3	3307.7	3035
2017-09-15 00:00	3307.8	3837.3	2972.6	3720.0	3290
2017-09-17 00:00	3747.5	3760.0	3709.1	3731.8	62
2017-09-18 00:00	3731.8	4119.6	3699.5	4073.2	3429
2017-09-19 00:00	4073.7	4121.0	3850.4	3906.7	2589
2017-09-20 00:00	3906.8	4042.9	3832.0	3942.5	2224
2017-09-21 00:00	3942.1	3965.0	3571.8	3648.0	2585
2017-09-22 00:00	3648.1	3761.0	3509.6	3614.4	1225
2017-09-24 00:00	3669.7	3684.2	3662.2	3670.1	43
2017-09-25 00:00	3670.1	3960.3	3663.1	3950.9	935
2017-09-26 00:00	3950.8	3964.6	3849.8	3913.1	2147
2017-09-27 00:00	3913.2	4190.8	3872.0	4190.0	1971
2017-09-28 00:00	4190.0	4275.5	4124.3	4191.3	2399
2017-09-29 00:00	4190.8	4218.7	4014.5	4169.5	1561
2017-10-02 00:00	4386.7	4469.0	4359.8	4378.2	931
2017-10-03 00:00	4378.6	4425.1	4236.1	4276.2	1049
2017-10-04 00:00	4276.2	4346.8	4181.9	4214.8	1554
2017-10-05 00:00	4215.4	4359.8	4144.5	4331.8	1460
2017-10-06 00:00	4331.9	4415.9	4293.0	4338.2	1410
2017-10-08 00:00	4583.0	4594.5	4567.8	4583.4	42
2017-10-09 00:00	4583.4	4870.0	4554.8	4812.6	1911
2017-10-10 00:00	4812.6	4926.5	4738.6	4820.2	1988
2017-10-11 00:00	4821.0	4874.9	4707.5	4803.8	1843
2017-10-12 00:00	4801.0	5389.0	4789.8	5294.8	2428
2017-10-13 00:00	5294.9	5865.5	5288.5	5613.0	2314
2017-10-15 00:00	5524.6	5563.3	5493.0	5554.1	39
2017-10-16 00:00	5554.0	5757.6	5552.6	5706.9	2394
2017-10-17 00:00	5706.8	5785.3	5522.6	5577.0	1871
2017-10-18 00:00	5577.0	5611.2	5106.7	5502.1	2149
2017-10-19 00:00	5502.3	5738.9	5495.8	5715.2	1999
2017-10-20 00:00	5715.1	6064.0	5614.0	5973.2	1855
2017-10-22 00:00	5881.6	5919.7	5871.8	5919.7	39
2017-10-23 00:00	5919.7	6056.8	5647.7	5881.5	2537
2017-10-24 00:00	5881.0	5928.9	5465.3	5466.4	3837
2017-10-25 00:00	5466.4	5715.2	5373.4	5678.5	3284
2017-10-26 00:00	5678.2	5984.9	5637.6	5827.6	2250
2017-10-27 00:00	5827.9	5995.0	5689.6	5750.9	2054
2017-10-29 00:00	6176.7	6219.0	6103.2	6186.8	32
2017-10-30 00:00	6186.8	6215.0	6027.0	6085.4	1851
2017-10-31 00:00	6085.5	6414.8	6083.7	6396.2	1861
2017-11-01 00:00	6397.3	6649.5	6362.7	6601.0	2198
2017-11-02 00:00	6601.0	7390.9	6584.1	7076.3	2433
2017-11-03 00:00	7076.2	7449.0	6933.1	7228.0	2447
2017-11-06 00:00	7353.0	7443.1	6948.8	7124.0	2995
2017-11-07 00:00	7121.1	7226.0	6925.4	7074.4	2877
2017-11-08 00:00	7074.4	7882.2	7034.8	7257.2	2994
2017-11-09 00:00	7252.6	7489.0	7053.9	7120.6	2625
2017-11-10 00:00	7120.5	7345.2	6413.7	6580.3	2413
2017-11-13 00:00	5891.2	6812.5	5602.7	6505.3	3318
2017-11-14 00:00	6505.4	6748.0	6399.8	6588.7	3243
2017-11-15 00:00	6588.9	7344.1	6542.1	7289.5	2320
2017-11-16 00:00	7289.6	7894.0	7114.7	7891.3	2100
2017-11-17 00:00	7891.1	7996.4	7532.4	7697.3	2292
2017-11-20 00:00	8017.6	8291.0	7943.2	8240.1	1499
2017-11-21 00:00	8240.3	8374.0	7797.5	8131.6	1801
2017-11-22 00:00	8131.4	8303.0	7970.7	8202.2	1635
2017-11-23 00:00	8201.9	8279.6	8090.6	8163.6	1753
2017-11-24 00:00	8163.8	8327.4	7872.3	8249.0	1722
2017-11-27 00:00	9449.5	9746.4	9276.0	9650.6	1876
2017-11-28 00:00	9649.1	9975.2	9552.7	9943.9	1570
2017-11-29 00:00	9921.9	11433.3	8980.4	10187.4	2713
2017-11-30 00:00	10188.6	10810.7	9011.1	9659.6	4063
2017-12-01 00:00	9645.1	10939.9	9372.8	10896.8	3353
2017-12-04 00:00	10914.5	11582.0	10500.1	11500.0	2602
2017-12-05 00:00	11500.8	11864.0	11450.5	11776.3	2112
2017-12-06 00:00	11776.2	13458.9	11694.8	13308.5	2514
2017-12-07 00:00	13328.7	16784.3	13328.2	16046.0	2511
2017-12-08 00:00	16042.3	17021.2	13864.9	15640.4	357
2017-12-11 00:00	14574.1	17424.0	14524.1	17146.9	2058
2017-12-12 00:00	17146.5	17576.7	16292.9	17235.6	1055
2017-12-13 00:00	17233.0	17619.9	15741.1	16751.0	1878
2017-12-14 00:00	16750.5	17101.0	16029.3	16501.6	1878
2017-12-15 00:00	16514.1	17957.2	16281.9	17628.5	1062
2017-12-18 00:00	18980.0	19510.2	18117.9	18673.8	2453
2017-12-19 00:00	18673.8	19001.9	16728.1	16942.2	2321
2017-12-20 00:00	16922.8	17835.3	15785.9	16205.0	3032
2017-12-21 00:00	16206.5	17338.9	14852.9	15384.9	1903
2017-12-22 00:00	15388.8	15825.1	10772.3	14233.6	413
2017-12-25 00:00	13123.1	14622.5	12973.3	13844.9	635
2017-12-26 00:00	13757.1	16131.3	13665.0	15921.1	3251
2017-12-27 00:00	15920.6	16499.1	14604.0	15172.8	2690
2017-12-28 00:00	15186.6	15489.1	13497.5	13934.4	2155
2017-12-29 00:00	13939.0	15092.6	13920.3	14278.0	3051
2018-01-02 00:00	13496.1	15196.7	12920.7	14727.9	870
2018-01-03 00:00	14755.1	15373.7	14555.7	15017.6	914
2018-01-04 00:00	15005.7	15366.9	14167.2	14894.4	904
2018-01-05 00:00	14891.9	16880.2	14786.3	16781.9	938
2018-01-08 00:00	16140.0	16408.4	13864.8	14895.7	921
2018-01-09 00:00	14886.1	15321.2	14110.1	14490.6	769
2018-01-10 00:00	14460.1	14649.1	13387.5	14443.9	858
2018-01-11 00:00	14454.0	14913.8	12744.3	13415.7	792
2018-01-12 00:00	13456.4	14065.6	12782.5	13697.2	780
2018-01-15 00:00	13357.3	14273.5	13342.4	13854.0	804
2018-01-16 00:00	13837.9	13872.8	10308.3	10648.0	696
2018-01-17 00:00	10529.9	11720.7	9124.9	11332.8	829
2018-01-18 00:00	11311.3	12007.0	10545.7	11473.3	1081
2018-01-19 00:00	11472.3	11885.3	10839.8	11309.5	1283
2018-01-22 00:00	11321.7	11831.9	9979.9	10301.9	1450
2018-01-23 00:00	10289.3	11338.4	9908.2	10931.8	1438
2018-01-24 00:00	10934.3	11444.7	10446.9	11165.8	1228
2018-01-25 00:00	11155.6	11662.4	10846.6	11200.8	1057
2018-01-26 00:00	11204.6	11564.0	10260.5	10847.4	1075
2018-01-29 00:00	11725.4	11734.4	10994.6	11205.8	48
2018-01-30 00:00	11190.0	11205.6	9755.9	10100.9	48
2018-01-31 00:00	10095.0	10343.1	9584.0	9964.5	48
2018-02-01 00:00	9956.6	10199.2	8600.5	9076.3	48
2018-02-02 00:00	9084.5	9186.9	7563.5	8534.9	48
2018-02-05 00:00	8017.5	8370.4	6540.6	7066.6	386
2018-02-06 00:00	7097.5	7883.7	5881.5	7711.4	1268
2018-02-07 00:00	7714.8	8538.2	7139.6	8038.2	1101
2018-02-08 00:00	8030.9	8580.1	7487.0	8129.6	965
2018-02-09 00:00	8123.9	8676.7	7705.5	8505.4	845
2018-02-12 00:00	8241.5	8854.3	7970.3	8783.9	303
2018-02-13 00:00	8783.9	8927.9	8312.8	8499.9	837
2018-02-14 00:00	8511.1	9308.7	8430.1	9232.8	906
2018-02-15 00:00	9226.3	10162.0	9191.8	9812.8	997
2018-02-16 00:00	9849.5	10236.1	9645.0	10028.3	900
2018-02-19 00:00	10697.8	11193.6	10264.3	11027.3	928
2018-02-20 00:00	11048.9	11688.6	11002.0	11649.7	909
2018-02-21 00:00	11651.1	11716.2	10189.4	10220.1	1111
2018-02-22 00:00	10245.4	10869.0	9673.6	9846.6	1053
2018-02-23 00:00	9840.0	10353.2	9531.7	9860.1	1199
2018-02-26 00:00	9535.0	10391.9	9323.2	10320.9	1353
2018-02-27 00:00	10320.8	10800.9	10083.3	10701.2	1448
2018-02-28 00:00	10703.0	11008.8	10333.5	10471.2	1391
2018-03-01 00:00	10478.9	11025.7	10169.7	10877.3	810
2018-03-02 00:00	10875.5	11118.2	10731.5	10970.2	798
2018-03-05 00:00	11367.0	11620.9	11280.5	11517.1	645
2018-03-06 00:00	11520.6	11564.4	10517.4	10740.1	750
2018-03-07 00:00	10740.2	10844.1	9389.6	9891.7	928
2018-03-08 00:00	9896.9	10064.1	9032.7	9295.8	884
2018-03-09 00:00	9284.0	9373.5	8336.0	9049.0	1012
2018-03-12 00:00	9496.3	9855.1	8744.2	8959.0	735
2018-03-13 00:00	9086.3	9432.4	8809.0	9065.0	773
2018-03-14 00:00	9064.8	9309.8	7905.0	7999.9	764
2018-03-15 00:00	8000.6	8375.6	7633.1	8266.5	827
2018-03-16 00:00	8274.1	8560.3	7872.9	8485.6	711
2018-03-19 00:00	8159.4	8677.3	8011.9	8349.8	832
2018-03-20 00:00	8344.2	8958.1	8282.0	8924.1	1033
2018-03-21 00:00	8917.8	9096.5	8680.8	8842.8	1592
2018-03-22 00:00	8842.2	9011.9	8415.1	8532.6	1655
2018-03-23 00:00	8524.8	8691.4	8213.1	8542.3	1487
2018-03-26 00:00	8547.0	8569.5	7782.9	7804.8	1612
2018-03-27 00:00	7804.9	8185.3	7668.6	7921.3	1961
2018-03-28 00:00	7921.3	8023.9	7658.2	7800.6	1617
2018-03-29 00:00	7800.6	7924.2	6838.8	6998.8	1874
2018-03-30 00:00	6998.8	7250.3	6516.3	6793.2	2548
2018-04-02 00:00	6748.5	7041.1	6687.4	6905.1	1696
2018-04-03 00:00	6906.3	7435.2	6904.5	7360.0	1610
2018-04-04 00:00	7360.0	7364.6	6658.6	6748.4	1641
2018-04-05 00:00	6748.3	6841.6	6506.5	6646.7	1944
2018-04-06 00:00	6646.8	6774.4	6437.9	6529.7	1542
2018-04-09 00:00	6923.3	7101.8	6545.4	6640.2	901
2018-04-10 00:00	6642.6	6793.7	6587.3	6780.7	861
2018-04-11 00:00	6780.7	6891.3	6711.5	6830.2	919
2018-04-12 00:00	6830.2	7944.5	6688.1	7760.3	1524
2018-04-13 00:00	7760.2	8146.7	7678.7	7821.0	1884
2018-04-16 00:00	8231.8	8337.1	7831.1	7944.2	1567
2018-04-17 00:00	7944.1	8085.8	7753.9	7836.2	1470
2018-04-18 00:00	7837.0	8158.4	7797.2	8127.1	841
2018-04-19 00:00	8127.3	8221.0	8027.3	8201.6	1200
2018-04-20 00:00	8201.6	8484.6	8145.5	8450.2	1300
2018-04-23 00:00	8840.6	8924.1	8688.1	8867.8	1507
2018-04-24 00:00	8867.9	9417.0	8845.9	9395.4	1527
2018-04-25 00:00	9395.5	9682.5	8691.8	9094.8	2119
2018-04-26 00:00	9094.8	9100.7	8587.5	9023.0	1814
2018-04-27 00:00	9023.0	9303.4	8884.4	8902.0	1429
2018-04-30 00:00	9251.1	9373.7	9047.6	9150.8	1162
2018-05-01 00:00	9151.0	9206.4	8763.1	9009.2	1401
2018-05-02 00:00	9009.2	9181.6	8910.4	9158.5	991
2018-05-03 00:00	9158.5	9671.6	9095.0	9583.9	1201
2018-05-04 00:00	9584.0	9726.5	9459.2	9613.1	1247
2018-05-07 00:00	9467.6	9587.3	9117.5	9323.6	1322
2018-05-08 00:00	9323.7	9385.9	8977.0	9111.8	1164
2018-05-09 00:00	9111.8	9398.3	8899.9	9175.8	1087
2018-05-10 00:00	9175.7	9316.8	8985.8	9033.1	1192
2018-05-11 00:00	9033.0	9038.2	8319.1	8371.9	1471
2018-05-14 00:00	8592.4	8812.8	8221.3	8667.5	1481
2018-05-15 00:00	8667.6	8778.3	8368.5	8414.7	1187
2018-05-16 00:00	8414.9	8479.1	8035.8	8208.9	661
2018-05-17 00:00	8208.6	8403.9	8062.3	8081.2	585
2018-05-18 00:00	8081.1	8208.2	7863.5	8160.7	608
2018-05-21 00:00	8458.7	8513.1	8249.6	8319.0	690
2018-05-22 00:00	8319.0	8355.1	7989.8	8005.9	1175
2018-05-23 00:00	8005.5	8033.4	7376.1	7575.3	1737
2018-05-24 00:00	7575.4	7658.9	7207.4	7460.7	1846
2018-05-25 00:00	7462.1	7583.7	7272.2	7379.8	1345
2018-05-28 00:00	7259.4	7369.6	7071.0	7089.9	1261
2018-05-29 00:00	7089.9	7456.1	6987.3	7427.0	1169
2018-05-30 00:00	7426.9	7489.1	7210.1	7272.8	1174
2018-05-31 00:00	7272.8	7532.1	7271.5	7482.7	1157
2018-06-01 00:00	7482.7	7540.5	7288.1	7372.6	1105
2018-06-04 00:00	7625.5	7689.9	7390.3	7471.8	983
2018-06-05 00:00	7474.1	7597.2	7293.4	7526.3	1098
2018-06-06 00:00	7526.9	7627.2	7422.9	7597.1	894
2018-06-07 00:00	7597.5	7684.7	7570.6	7597.0	983
2018-06-08 00:00	7598.9	7628.8	7479.9	7580.7	1113
2018-06-11 00:00	6675.4	6760.0	6577.0	6702.2	1540
2018-06-12 00:00	6703.1	6842.1	6386.0	6476.8	1350
2018-06-13 00:00	6477.0	6547.7	6068.0	6210.8	1160
2018-06-14 00:00	6210.9	6637.7	6205.8	6578.7	1331
2018-06-15 00:00	6578.8	6593.6	6388.4	6432.5	1529
2018-06-18 00:00	6430.8	6728.9	6320.8	6651.9	1212
2018-06-19 00:00	6652.5	6770.6	6604.7	6652.9	1161
2018-06-20 00:00	6652.9	6744.4	6493.4	6650.6	1159
2018-06-21 00:00	6650.6	6721.2	6617.6	6642.1	909
2018-06-22 00:00	6642.1	6679.4	5847.2	6007.4	1238
2018-06-24 00:00	6121.3	6132.7	6091.4	6091.4	19
2018-06-25 00:00	6091.4	6270.8	6024.6	6203.1	1608
2018-06-26 00:00	6203.1	6210.8	6073.2	6155.8	1342
2018-06-27 00:00	6155.8	6156.5	5937.1	6059.7	1247
2018-06-28 00:00	6059.2	6117.1	5850.4	5859.1	974
2018-06-29 00:00	5859.3	5896.2	5732.2	5841.6	1918
2018-07-01 00:00	6279.8	6305.8	6278.8	6304.6	17
2018-07-02 00:00	6305.8	6610.3	6215.7	6589.2	1488
2018-07-03 00:00	6588.1	6608.5	6474.1	6545.9	1129
2018-07-04 00:00	6545.9	6725.0	6354.4	6629.5	947
2018-07-05 00:00	6629.4	6639.9	6393.2	6431.4	1484
2018-07-06 00:00	6432.4	6569.6	6392.2	6509.2	1196
2018-07-08 00:00	6687.5	6695.1	6681.0	6694.9	13
2018-07-09 00:00	6694.9	6696.2	6605.0	6658.9	1067
2018-07-10 00:00	6659.0	6739.9	6268.6	6313.6	1909
2018-07-11 00:00	6314.7	6339.5	6216.6	6302.2	1309
2018-07-12 00:00	6302.2	6319.2	6083.0	6106.7	1159
2018-07-13 00:00	6106.8	6273.5	6026.3	6124.5	937
2018-07-15 00:00	6318.7	6320.1	6314.1	6319.1	10
2018-07-16 00:00	6319.4	6649.1	6272.1	6601.0	947
2018-07-17 00:00	6601.0	7390.9	6600.5	7298.5	982
2018-07-18 00:00	7298.3	7517.5	7181.8	7268.6	644
2018-07-19 00:00	7268.6	7447.5	7222.7	7372.5	888
2018-07-20 00:00	7372.6	7617.9	7218.0	7293.5	1290
2018-07-22 00:00	7469.6	7506.9	7282.9	7313.6	42
2018-07-23 00:00	7314.3	7737.9	7287.3	7691.5	1398
2018-07-24 00:00	7691.5	8292.5	7639.5	8194.1	1603
2018-07-25 00:00	8194.6	8421.3	7997.3	8225.2	1547
2018-07-26 00:00	8225.1	8249.4	7857.5	7902.6	1176
2018-07-27 00:00	7902.7	8209.6	7739.3	8168.3	1258
2018-07-29 00:00	8137.6	8147.0	8115.4	8130.6	17
2018-07-30 00:00	8130.5	8209.5	7801.0	8062.9	1226
2018-07-31 00:00	8062.9	8138.2	7606.2	7649.4	1313
2018-08-01 00:00	7649.4	7710.6	7405.2	7414.5	1087
2018-08-02 00:00	7414.5	7639.8	7379.6	7469.4	1015
2018-08-03 00:00	7469.8	7506.1	7229.7	7327.5	564
2018-08-05 00:00	6993.8	7017.7	6972.6	6987.9	2
2018-08-06 00:00	6988.4	7096.6	6796.3	6801.2	48
2018-08-07 00:00	6801.4	7089.0	6622.0	6688.2	48
2018-08-08 00:00	6688.2	6734.1	6068.2	6238.6	48
2018-08-09 00:00	6238.5	6564.0	6131.4	6525.5	48
2018-08-10 00:00	6525.9	6556.2	6085.2	6128.0	46
2018-08-12 00:00	6279.2	6307.9	6260.6	6307.8	2
2018-08-13 00:00	6307.9	6470.8	6094.9	6181.1	48
2018-08-14 00:00	6180.9	6222.7	5827.0	6043.8	48
2018-08-15 00:00	6044.1	6556.2	6018.3	6353.4	48
2018-08-16 00:00	6353.1	6413.7	6154.8	6218.4	48
2018-08-17 00:00	6218.8	6491.4	6203.9	6414.9	46
2018-08-19 00:00	6468.5	6484.6	6428.4	6432.4	2
2018-08-20 00:00	6432.5	6460.7	6326.5	6353.6	48
2018-08-21 00:00	6353.6	6433.8	6172.5	6399.0	48
2018-08-22 00:00	6399.4	6813.7	6238.0	6308.7	48
2018-08-23 00:00	6308.8	6422.4	6192.1	6415.7	48
2018-08-24 00:00	6415.8	6581.8	6394.5	6550.7	46
2018-08-26 00:00	6619.0	6633.2	6617.8	6622.1	2
2018-08-27 00:00	6622.1	6703.0	6595.0	6673.0	48
2018-08-28 00:00	6673.0	7064.7	6664.9	7003.1	48
2018-08-29 00:00	7003.1	7059.5	6851.6	6998.4	48
2018-08-30 00:00	6998.4	6999.0	6739.1	6879.2	48
2018-08-31 00:00	6879.8	7026.6	6830.0	6986.8	46
2018-09-02 00:00	7223.7	7240.5	7216.7	7220.5	2
2018-09-03 00:00	7220.6	7266.0	7134.3	7247.7	48
2018-09-04 00:00	7248.0	7343.9	7173.6	7299.1	48
2018-09-05 00:00	7299.1	7326.6	6804.3	6869.4	48
2018-09-06 00:00	6869.3	6873.0	6211.3	6375.5	48
2018-09-07 00:00	6375.1	6472.1	6269.1	6385.1	46
2018-09-09 00:00	6328.2	6333.4	6307.2	6307.3	2
2018-09-10 00:00	6307.2	6308.8	6153.5	6233.4	48
2018-09-11 00:00	6233.2	6344.5	6121.1	6251.0	48
2018-09-12 00:00	6252.2	6282.3	6142.3	6244.5	48
2018-09-13 00:00	6245.4	6466.5	6243.9	6402.0	48
2018-09-14 00:00	6400.4	6522.0	6330.7	6475.1	46
2018-09-16 00:00	6441.2	6446.3	6432.3	6434.4	2
2018-09-17 00:00	6434.3	6470.3	6149.5	6188.6	48
2018-09-18 00:00	6188.5	6323.7	6165.9	6262.5	48
2018-09-19 00:00	6262.4	6454.4	6051.4	6330.2	48
2018-09-20 00:00	6332.0	6458.9	6279.7	6443.6	48
2018-09-21 00:00	6443.6	6716.5	6409.2	6658.4	46
2018-09-23 00:00	6618.9	6627.5	6610.4	6623.2	2
2018-09-24 00:00	6623.3	6661.1	6514.7	6560.3	48
2018-09-25 00:00	6560.4	6560.4	6271.4	6332.5	48
2018-09-26 00:00	6332.3	6485.3	6318.8	6413.7	48
2018-09-27 00:00	6413.7	6671.7	6371.9	6654.9	48
2018-09-28 00:00	6656.2	6736.4	6477.6	6587.7	46
2018-09-30 00:00	6503.3	6516.5	6494.0	6512.8	2
2018-10-01 00:00	6511.9	6586.5	6446.0	6520.0	48
2018-10-02 00:00	6520.0	6552.8	6400.3	6483.2	48
2018-10-03 00:00	6483.1	6505.1	6353.0	6381.5	48
2018-10-04 00:00	6382.1	6565.0	6373.3	6514.0	48
2018-10-05 00:00	6513.2	6548.1	6472.3	6508.7	46
2018-10-07 00:00	6484.7	6509.1	6483.3	6501.8	2
2018-10-08 00:00	6501.8	6636.9	6476.1	6588.2	48
2018-10-09 00:00	6589.6	6597.3	6510.2	6569.1	48
2018-10-10 00:00	6569.1	6609.3	6409.6	6511.2	48
2018-10-11 00:00	6511.1	6562.7	6061.1	6182.9	48
2018-10-12 00:00	6183.0	6248.2	6086.4	6189.9	46
2018-10-14 00:00	6209.6	6227.8	6189.2	6205.4	2
2018-10-15 00:00	6205.6	7255.7	6147.9	6332.8	48
2018-10-16 00:00	6332.8	6431.5	6331.6	6399.0	48
2018-10-17 00:00	6399.6	6424.5	6351.0	6384.1	48
2018-10-18 00:00	6384.3	6428.8	6296.6	6314.9	48
2018-10-19 00:00	6314.9	6348.2	6296.6	6321.8	46
2018-10-21 00:00	6375.1	6377.8	6372.0	6372.0	2
2018-10-22 00:00	6370.9	6371.6	6315.4	6346.2	48
2018-10-23 00:00	6346.8	6356.4	6298.1	6336.2	48
2018-10-24 00:00	6337.0	6399.7	6330.1	6368.0	48
2018-10-25 00:00	6369.4	6369.4	6301.4	6339.3	48
2018-10-26 00:00	6339.6	6390.2	6320.9	6345.1	46
2018-10-28 00:00	6335.8	6337.9	6332.9	6334.6	2
2018-10-29 00:00	6333.7	6359.1	6148.6	6178.4	48
2018-10-30 00:00	6179.0	6230.1	6179.0	6217.0	48
2018-10-31 00:00	6218.5	6293.5	6142.6	6245.9	48
2018-11-01 00:00	6242.8	6299.9	6234.4	6285.5	48
2018-11-02 00:00	6288.6	6319.2	6271.9	6293.5	46
2018-11-05 00:00	6354.2	6380.4	6313.1	6342.3	48
2018-11-06 00:00	6340.9	6393.0	6326.7	6361.6	48
2018-11-07 00:00	6361.4	6477.9	6360.8	6442.7	48
2018-11-08 00:00	6442.2	6452.7	6332.3	6360.0	48
2018-11-09 00:00	6360.0	6365.7	6251.2	6268.7	48
2018-11-12 00:00	6257.8	6323.6	6247.3	6251.0	48
2018-11-13 00:00	6249.4	6268.3	6199.2	6219.3	48
2018-11-14 00:00	6219.1	6233.3	5247.5	5491.1	48
2018-11-15 00:00	5484.6	5580.5	5144.8	5409.2	48
2018-11-16 00:00	5419.4	5549.0	5380.9	5386.0	48
2018-11-19 00:00	5484.7	5498.8	4632.6	4730.6	48
2018-11-20 00:00	4722.8	4831.5	3994.8	4278.1	48
2018-11-21 00:00	4276.5	4570.6	4131.3	4390.6	48
2018-11-22 00:00	4390.6	4529.7	4303.7	4369.7	48
2018-11-23 00:00	4369.7	4387.0	4033.3	4199.2	48
2018-11-26 00:00	3987.6	4031.1	3461.4	3604.0	48
2018-11-27 00:00	3604.2	3737.7	3505.0	3709.5	48
2018-11-28 00:00	3706.2	4298.3	3688.3	4163.0	48
2018-11-29 00:00	4160.7	4341.8	4028.6	4124.3	48
2018-11-30 00:00	4124.3	4237.8	3808.1	3863.9	48
2018-12-03 00:00	4086.3	4099.6	3687.7	3812.5	48
2018-12-04 00:00	3812.7	3973.2	3685.4	3838.6	48
2018-12-05 00:00	3838.6	3854.2	3608.1	3662.8	48
2018-12-06 00:00	3662.8	3782.8	3489.5	3537.5	48
2018-12-07 00:00	3537.3	3563.5	3154.6	3329.9	48
2018-12-10 00:00	3464.4	3530.6	3295.8	3341.4	48
2018-12-11 00:00	3341.4	3367.8	3238.5	3313.0	48
2018-12-12 00:00	3313.4	3427.6	3266.0	3380.6	48
2018-12-13 00:00	3380.9	3382.3	3165.4	3195.2	48
2018-12-14 00:00	3195.5	3233.6	3076.5	3097.6	48
2018-12-17 00:00	3142.7	3524.2	3123.0	3432.7	48
2018-12-18 00:00	3432.4	3512.8	3374.9	3475.6	48
2018-12-19 00:00	3475.7	3863.0	3462.5	3607.5	48
2018-12-20 00:00	3608.4	4111.9	3603.1	3934.5	48
2018-12-21 00:00	3934.5	4101.7	3716.3	3788.8	48
2018-12-24 00:00	3889.1	4175.6	3849.9	4005.4	48
2018-12-25 00:00	4005.7	4005.8	4005.7	4005.8	1
2018-12-26 00:00	3731.6	3802.2	3626.2	3715.5	48
2018-12-27 00:00	3715.5	3779.9	3509.3	3525.6	48
2018-12-28 00:00	3524.6	3900.8	3507.5	3832.7	48
2018-12-31 00:00	3760.5	3785.0	3576.1	3613.0	48
2019-01-01 00:00	3612.8	3612.8	3612.0	3612.0	1
2019-01-02 00:00	3658.6	3839.4	3649.9	3825.2	48
2019-01-03 00:00	3825.1	3855.1	3701.7	3734.1	48
2019-01-04 00:00	3734.1	3791.0	3672.1	3773.8	48
2019-01-07 00:00	3973.4	4010.0	3914.2	3947.4	48
2019-01-08 00:00	3946.1	4048.6	3890.2	3940.3	48
2019-01-09 00:00	3939.4	3986.0	3909.9	3943.6	48
2019-01-10 00:00	3943.4	3975.5	3513.1	3571.1	48
2019-01-11 00:00	3570.8	3637.4	3530.0	3588.6	48
2019-01-14 00:00	3455.5	3651.0	3436.1	3604.1	48
2019-01-15 00:00	3603.8	3627.5	3487.4	3508.7	48
2019-01-16 00:00	3508.8	3606.1	3507.4	3544.2	48
2019-01-17 00:00	3544.2	3598.8	3484.6	3565.4	48
2019-01-18 00:00	3565.4	3591.2	3520.0	3552.1	48
2019-01-21 00:00	3479.7	3509.3	3448.1	3461.8	48
2019-01-22 00:00	3461.8	3551.2	3373.2	3514.3	48
2019-01-23 00:00	3513.3	3554.8	3462.2	3484.8	48
2019-01-24 00:00	3484.2	3534.9	3469.6	3510.7	48
2019-01-25 00:00	3510.6	3518.6	3451.6	3497.8	48
2019-01-28 00:00	3481.8	3482.8	3321.4	3356.9	48
2019-01-29 00:00	3356.8	3381.3	3285.1	3341.3	48
2019-01-30 00:00	3341.2	3399.7	3313.1	3372.9	48
2019-01-31 00:00	3372.9	3413.0	3337.1	3357.4	48
2019-02-01 00:00	3357.5	3397.1	3312.9	3389.7	48
2019-02-04 00:00	3335.2	3377.4	3333.2	3358.3	48
2019-02-05 00:00	3358.3	3371.1	3338.9	3363.0	48
2019-02-06 00:00	3363.0	3384.7	3277.6	3306.2	48
2019-02-07 00:00	3306.1	3322.2	3292.9	3299.2	48
2019-02-08 00:00	3299.1	3650.6	3284.7	3534.0	48
2019-02-11 00:00	3545.6	3596.5	3519.7	3532.7	48
2019-02-12 00:00	3532.8	3558.8	3491.2	3516.6	48
2019-02-13 00:00	3516.4	3568.6	3501.0	3511.9	48
2019-02-14 00:00	3511.9	3529.7	3476.7	3510.4	75
2019-02-15 00:00	3510.6	3557.0	3486.8	3504.3	159
2019-02-18 00:00	3526.0	3856.6	3525.7	3792.4	592
2019-02-19 00:00	3792.4	3910.9	3770.0	3828.3	424
2019-02-20 00:00	3828.3	3904.1	3806.1	3853.3	318
2019-02-21 00:00	3853.0	3926.7	3809.2	3838.5	256
2019-02-22 00:00	3837.0	3895.5	3825.9	3880.8	245
2019-02-25 00:00	3724.8	3800.1	3669.3	3746.6	524
2019-02-26 00:00	3746.6	3772.7	3705.9	3730.1	243
2019-02-27 00:00	3730.5	3763.1	3599.9	3689.3	213
2019-02-28 00:00	3689.4	3825.6	3681.4	3740.8	295
2019-03-01 00:00	3740.8	3783.8	3726.3	3768.9	172
2019-03-04 00:00	3729.8	3745.9	3612.6	3640.9	307
2019-03-05 00:00	3640.9	3811.5	3622.8	3774.4	270
2019-03-06 00:00	3773.8	3832.1	3750.5	3786.7	214
2019-03-07 00:00	3785.0	3830.2	3769.9	3810.9	220
2019-03-08 00:00	3810.8	3850.7	3788.5	3807.2	233
2019-03-10 00:00	3837.2	3840.1	3833.8	3834.2	2
2019-03-11 00:00	3834.1	3852.6	3760.6	3792.2	193
2019-03-12 00:00	3792.1	3817.3	3739.3	3803.8	219
2019-03-13 00:00	3803.8	3812.7	3767.9	3784.9	152
2019-03-14 00:00	3784.9	3840.7	3725.2	3795.1	158
2019-03-15 00:00	3795.0	3848.5	3788.4	3837.5	162
2019-03-17 00:00	3915.4	3918.6	3914.8	3917.5	2
2019-03-18 00:00	3917.0	3956.6	3874.7	3913.7	186
2019-03-19 00:00	3913.2	3951.6	3890.0	3928.7	193
2019-03-20 00:00	3928.3	3959.2	3904.1	3949.2	215
2019-03-21 00:00	3949.3	3996.9	3862.1	3923.0	181
2019-03-22 00:00	3918.3	3944.2	3907.3	3917.9	46
2019-03-24 00:00	3902.8	3911.3	3901.1	3909.5	2
2019-03-25 00:00	3904.5	3921.6	3804.4	3829.8	48
2019-03-26 00:00	3826.1	3886.1	3825.2	3854.5	48
2019-03-27 00:00	3849.6	3978.2	3849.5	3954.1	48
2019-03-28 00:00	3949.6	3981.3	3939.4	3956.3	48
2019-03-29 00:00	3950.7	4045.7	3950.6	4013.9	46
2019-03-31 00:00	4037.6	4038.0	4032.0	4034.9	2
2019-04-01 00:00	4030.6	4093.4	3999.9	4078.1	48
2019-04-02 00:00	4074.7	5026.5	4073.6	4733.4	66
2019-04-03 00:00	4728.7	5288.9	4728.7	5133.2	62
2019-04-04 00:00	5131.6	5209.0	4732.4	4871.8	126
2019-04-05 00:00	4872.3	5010.3	4820.5	4939.7	78
2019-04-07 00:00	5084.2	5108.1	5083.5	5100.8	2
2019-04-08 00:00	5101.1	5290.1	5075.9	5220.5	164
2019-04-09 00:00	5220.3	5254.7	5093.4	5159.7	108
2019-04-10 00:00	5157.1	5403.2	5102.3	5237.9	97
2019-04-11 00:00	5234.4	5285.8	4917.6	4968.5	197
2019-04-12 00:00	4965.3	5057.7	4864.0	4983.6	140
2019-04-14 00:00	5028.8	5054.0	5028.1	5047.0	2
2019-04-15 00:00	5045.5	5131.5	4892.2	4964.2	71
2019-04-16 00:00	4961.5	5172.4	4960.0	5146.5	62
2019-04-17 00:00	5142.8	5211.0	5125.7	5173.9	66
2019-04-18 00:00	5172.0	5260.3	5148.5	5237.6	58
2019-04-19 00:00	5236.3	5296.3	5141.2	5209.6	58
2019-04-21 00:00	5181.3	5226.8	5181.3	5215.5	2
2019-04-22 00:00	5214.7	5378.9	5197.1	5328.3	81
2019-04-23 00:00	5328.4	5564.0	5305.8	5512.0	105
2019-04-24 00:00	5509.4	5563.4	5318.7	5375.1	187
2019-04-25 00:00	5374.7	5452.5	5324.3	5336.1	74
2019-04-26 00:00	5336.1	5336.1	4931.4	5036.9	171
2019-04-28 00:00	5069.5	5080.5	5053.5	5078.3	2
2019-04-29 00:00	5074.2	5130.8	5026.8	5075.4	67
2019-04-30 00:00	5074.7	5227.8	5044.5	5204.6	60
2019-05-01 00:00	5203.3	5297.7	5198.0	5240.3	60
2019-05-02 00:00	5236.7	5363.7	5231.7	5344.3	75
2019-05-03 00:00	5345.2	5737.5	5312.9	5629.3	111
2019-05-06 00:00	5688.0	5697.6	5507.3	5633.6	415
2019-05-07 00:00	5631.8	5910.2	5624.9	5824.9	59
2019-05-08 00:00	5824.8	5855.1	5605.2	5840.9	57
2019-05-09 00:00	5837.4	6077.3	5797.1	6058.2	62
2019-05-10 00:00	6058.2	6370.1	6047.1	6230.5	60
2019-05-12 00:00	7081.4	7116.4	6995.3	7094.4	2
2019-05-13 00:00	7094.4	8103.8	6808.8	8049.0	143
2019-05-14 00:00	8048.4	8278.9	7539.9	7725.1	217
2019-05-15 00:00	7722.6	8207.2	7722.6	8091.1	139
2019-05-16 00:00	8091.1	8330.0	7608.9	7861.9	86
2019-05-17 00:00	7858.7	7888.7	6536.9	7043.7	163
2019-05-19 00:00	7970.0	8029.3	7966.4	8023.8	2
2019-05-20 00:00	8024.0	8238.6	7521.7	7994.8	162
2019-05-21 00:00	7994.7	8056.2	7728.0	7937.9	97
2019-05-22 00:00	7938.2	7982.7	7573.5	7617.6	104
2019-05-23 00:00	7617.6	7890.4	7422.1	7859.8	113
2019-05-24 00:00	7859.7	8121.6	7741.6	8056.7	112
2019-05-27 00:00	8682.5	8884.9	8607.8	8758.2	248
2019-05-28 00:00	8758.2	8792.3	8509.7	8655.4	124
2019-05-29 00:00	8655.4	8699.2	8374.4	8600.3	88
2019-05-30 00:00	8600.1	9026.3	7972.6	8151.8	143
2019-05-31 00:00	8152.3	8456.8	8054.9	8446.7	160
2019-06-03 00:00	8655.9	8703.8	8273.8	8430.1	99
2019-06-04 00:00	8424.2	8437.5	7400.1	7400.1	210
2019-06-05 00:00	7400.1	7866.4	7384.8	7679.5	113
2019-06-06 00:00	7679.7	7813.1	7403.0	7685.3	90
2019-06-07 00:00	7681.7	8074.1	7654.7	7842.0	92
2019-06-10 00:00	7576.0	8024.2	7455.9	7893.6	143
2019-06-11 00:00	7891.8	7996.8	7657.6	7860.6	89
2019-06-12 00:00	7856.0	8215.8	7765.7	8097.3	105
2019-06-13 00:00	8093.4	8274.1	8004.6	8264.9	78
2019-06-14 00:00	8264.9	8410.6	8124.5	8393.5	86
2019-06-16 00:00	8874.0	8976.9	8863.1	8975.2	2
2019-06-17 00:00	8974.7	9364.4	8911.6	9233.9	289
2019-06-18 00:00	9234.0	9416.5	8876.4	8956.8	154
2019-06-19 00:00	8956.9	9176.0	8896.2	9175.7	121
2019-06-20 00:00	9175.4	9540.9	9158.0	9461.3	111
2019-06-21 00:00	9458.0	9895.8	9412.7	9881.1	174
2019-06-23 00:00	10968.6	11186.9	10755.5	10835.6	2
2019-06-24 00:00	10835.8	11036.1	10493.3	10871.9	938
2019-06-25 00:00	10870.9	11522.2	10870.9	11495.4	750
2019-06-26 00:00	11495.7	13797.0	11471.5	12395.9	883
2019-06-27 00:00	12395.9	13287.5	10249.5	10669.3	1266
2019-06-28 00:00	10669.3	12341.8	10664.0	12159.5	1048
2019-06-30 00:00	11331.4	11359.7	11196.3	11206.8	2
2019-07-01 00:00	11205.8	11207.6	9933.0	10494.8	1352
2019-07-02 00:00	10494.6	10865.0	9600.8	10621.0	1140
2019-07-03 00:00	10621.1	11512.8	10604.0	11344.3	1167
2019-07-04 00:00	11344.4	11995.5	11333.8	11517.6	873
2019-07-05 00:00	11517.2	11649.1	10721.1	10977.1	757
2019-07-07 00:00	11451.6	11498.8	11420.9	11478.5	2
2019-07-08 00:00	11478.5	12294.0	11275.9	12287.0	827
2019-07-09 00:00	12286.7	12768.7	12072.9	12512.5	1000
2019-07-10 00:00	12512.6	13132.0	11503.7	11882.8	969
2019-07-11 00:00	11882.7	12136.8	10929.1	11238.7	1036
2019-07-12 00:00	11238.7	11861.7	11034.0	11852.6	712
2019-07-14 00:00	10585.1	10644.9	10502.9	10598.6	2
2019-07-15 00:00	10595.6	10894.4	9806.3	10691.2	1041
2019-07-16 00:00	10691.2	11018.9	9352.7	9590.1	1135
2019-07-17 00:00	9589.8	9930.9	9024.3	9761.9	1023
2019-07-18 00:00	9761.8	10689.8	9236.8	10545.7	1132
2019-07-19 00:00	10545.8	10736.7	10068.7	10471.9	966
2019-07-21 00:00	10450.7	10537.7	10444.5	10510.7	2
2019-07-22 00:00	10508.8	10626.9	10010.7	10214.8	709
2019-07-23 00:00	10214.9	10302.2	9810.8	10063.8	678
2019-07-24 00:00	10063.2	10082.2	9459.3	9721.1	560
2019-07-25 00:00	9721.6	10125.4	9685.3	9833.6	460
2019-07-26 00:00	9829.8	9889.6	9602.5	9774.9	346
2019-07-28 00:00	9450.3	9451.6	9386.7	9389.3	2
2019-07-29 00:00	9390.0	9658.2	9062.6	9443.9	556
2019-07-30 00:00	9444.0	9705.6	9323.1	9527.3	467
2019-07-31 00:00	9527.3	10072.4	9508.5	9993.5	472
2019-08-01 00:00	9991.9	10434.5	9829.3	10367.6	450
2019-08-02 00:00	10367.6	10612.7	10280.2	10348.1	513
2019-08-04 00:00	10897.6	10920.6	10748.0	10911.3	2
2019-08-05 00:00	10911.0	11891.1	10895.5	11679.7	898
2019-08-06 00:00	11679.8	12260.6	11247.8	11304.6	573
2019-08-07 00:00	11304.6	12087.4	11152.9	11881.6	797
2019-08-08 00:00	11881.5	11975.0	11419.5	11654.8	731
2019-08-09 00:00	11654.8	11995.5	11600.5	11805.7	440
2019-08-11 00:00	11354.6	11493.5	11353.8	11440.7	2
2019-08-12 00:00	11438.9	11524.4	11175.9	11336.7	320
2019-08-13 00:00	11336.7	11383.9	10692.2	10796.5	354
2019-08-14 00:00	10796.5	10833.7	9978.7	10127.3	436
2019-08-15 00:00	10127.3	10350.9	9427.2	10275.5	569
2019-08-16 00:00	10275.6	10482.3	9693.4	10337.4	643
2019-08-18 00:00	10295.1	10367.4	10292.3	10365.0	2
2019-08-19 00:00	10364.8	10773.8	10216.1	10659.8	468
2019-08-20 00:00	10659.8	10894.4	10508.5	10734.7	464
2019-08-21 00:00	10734.7	10784.8	9809.5	9983.5	548
2019-08-22 00:00	9983.5	10176.7	9704.0	10085.3	679
2019-08-23 00:00	10085.2	10413.1	9992.9	10304.1	554
2019-08-25 00:00	9934.4	10017.6	9849.8	9941.4	2
2019-08-26 00:00	9939.8	10603.3	9918.7	10210.0	602
2019-08-27 00:00	10210.0	10336.4	9970.1	10074.6	326
2019-08-28 00:00	10074.4	10222.5	9508.5	9661.2	420
2019-08-29 00:00	9660.9	9688.0	9269.8	9450.8	177
2019-08-30 00:00	9450.7	9636.1	9302.7	9571.1	46
2019-09-01 00:00	9583.8	9722.3	9578.5	9647.8	2
2019-09-02 00:00	9647.6	10410.9	9647.3	10343.2	303
2019-09-03 00:00	10342.9	10721.0	10233.2	10646.1	517
2019-09-04 00:00	10646.2	10770.9	10328.2	10613.3	539
2019-09-05 00:00	10613.3	10639.2	10415.2	10501.2	514
2019-09-06 00:00	10501.2	10887.5	10153.4	10300.8	588
2019-09-08 00:00	10306.0	10364.3	10285.5	10362.6	2
2019-09-09 00:00	10362.7	10475.1	10015.6	10233.3	583
2019-09-10 00:00	10233.4	10331.8	9880.9	10037.0	494
2019-09-11 00:00	10036.1	10197.1	9809.1	10112.9	465
2019-09-12 00:00	10104.8	10356.4	9981.4	10356.0	368
2019-09-13 00:00	10356.0	10407.4	10105.5	10213.4	413
2019-09-15 00:00	10218.3	10251.8	10217.0	10241.9	2
2019-09-16 00:00	10241.9	10319.1	10019.3	10244.7	324
2019-09-17 00:00	10244.8	10269.0	10080.0	10158.2	285
2019-09-18 00:00	10158.1	10201.7	10028.8	10136.8	203
2019-09-19 00:00	10136.5	10309.7	9591.5	10209.0	367
2019-09-20 00:00	10208.9	10251.0	10007.6	10078.6	278
2019-09-22 00:00	9951.4	10000.4	9936.1	9992.8	2
2019-09-23 00:00	9992.7	10017.6	9591.1	9685.6	561
2019-09-24 00:00	9682.3	9720.7	8047.7	8601.1	501
2019-09-25 00:00	8601.2	8741.6	8168.3	8534.1	566
2019-09-26 00:00	8531.9	8594.8	7681.3	8024.3	663
2019-09-27 00:00	8024.4	8075.0	7811.9	8002.7	411
2019-09-29 00:00	7952.7	8034.8	7930.5	7992.6	2
2019-09-30 00:00	7991.6	8303.0	7657.8	8196.5	659
2019-10-01 00:00	8195.0	8471.6	8142.7	8268.3	623
2019-10-02 00:00	8268.2	8327.1	8120.2	8213.1	369
2019-10-03 00:00	8213.1	8358.8	8029.7	8120.6	282
2019-10-04 00:00	8120.6	8238.9	7971.9	8109.1	305
2019-10-06 00:00	7849.5	7871.9	7821.4	7869.0	2
2019-10-07 00:00	7868.9	8254.3	7713.6	8149.6	572
2019-10-08 00:00	8149.4	8284.5	8057.3	8108.7	521
2019-10-09 00:00	8108.7	8634.4	8065.1	8504.1	721
2019-10-10 00:00	8504.1	8604.0	8399.1	8511.2	547
2019-10-11 00:00	8509.9	8755.1	8231.6	8282.6	519
2019-10-13 00:00	8191.6	8200.8	8174.4	8194.3	2
2019-10-14 00:00	8193.6	8346.9	8163.4	8261.5	414
2019-10-15 00:00	8261.5	8359.7	8058.6	8094.1	461
2019-10-16 00:00	8093.3	8118.0	7855.8	7922.7	334
2019-10-17 00:00	7922.6	8069.6	7883.2	8010.7	381
2019-10-18 00:00	8010.7	8062.7	7765.0	7888.5	485
2019-10-20 00:00	8167.3	8184.1	8143.7	8154.2	2
2019-10-21 00:00	8156.0	8287.2	8102.2	8163.3	510
2019-10-22 00:00	8163.2	8256.3	8020.7	8041.6	490
2019-10-23 00:00	8041.6	8053.5	7247.4	7379.2	497
2019-10-24 00:00	7379.3	7453.5	7301.8	7390.2	517
2019-10-25 00:00	7389.0	8712.4	7340.6	8511.0	729
2019-10-27 00:00	9564.7	9659.5	9461.2	9574.7	2
2019-10-28 00:00	9576.2	9875.5	9213.1	9418.7	1003
2019-10-29 00:00	9418.7	9504.1	9033.7	9367.7	781
2019-10-30 00:00	9363.5	9414.2	8944.8	9094.9	669
2019-10-31 00:00	9093.7	9373.3	8903.3	9082.9	658
2019-11-01 00:00	9082.9	9244.0	9003.7	9153.5	719
2019-11-03 00:00	9102.0	9107.5	9021.7	9098.9	2
2019-11-04 00:00	9097.0	9506.8	9071.2	9385.1	564
2019-11-05 00:00	9385.1	9425.4	9132.8	9299.7	578
2019-11-06 00:00	9296.6	9389.3	9201.4	9260.7	565
2019-11-07 00:00	9260.7	9314.5	9030.5	9153.3	586
2019-11-08 00:00	9153.3	9194.3	8616.9	8742.7	559
2019-11-10 00:00	8978.3	8989.9	8968.8	8983.3	2
2019-11-11 00:00	8983.1	9039.6	8548.6	8676.0	450
2019-11-12 00:00	8674.7	8807.9	8508.7	8706.7	410
2019-11-13 00:00	8706.1	8779.0	8651.3	8695.1	398
2019-11-14 00:00	8694.9	8730.2	8505.0	8593.1	366
2019-11-15 00:00	8592.3	8712.8	8326.1	8410.2	424
2019-11-17 00:00	8471.7	8506.6	8467.0	8496.9	2
2019-11-18 00:00	8494.6	8498.2	7982.2	8162.6	436
2019-11-19 00:00	8162.6	8162.6	7941.6	8049.4	450
2019-11-20 00:00	8049.2	8164.0	7970.7	8029.0	391
2019-11-21 00:00	8028.8	8059.3	7344.0	7536.5	495
2019-11-22 00:00	7532.7	7653.5	6739.3	7271.6	694
2019-11-24 00:00	6998.9	7043.1	6980.5	6989.4	2
2019-11-25 00:00	6987.6	7318.2	6470.6	7153.8	1001
2019-11-26 00:00	7151.6	7282.7	6974.3	7055.7	839
2019-11-27 00:00	7055.7	7614.7	6794.9	7492.5	923
2019-11-28 00:00	7492.5	7601.8	7368.9	7506.7	581
2019-11-29 00:00	7506.7	7807.3	7318.7	7688.4	641
2019-12-01 00:00	7297.4	7328.9	7259.7	7322.7	2
2019-12-02 00:00	7319.6	7394.6	7109.2	7259.9	628
2019-12-03 00:00	7258.7	7354.5	7188.0	7273.4	515
2019-12-04 00:00	7272.4	7712.7	7039.9	7128.6	645
2019-12-05 00:00	7127.3	7430.7	7107.5	7322.7	627
2019-12-06 00:00	7322.6	7545.5	7254.8	7383.8	497
2019-12-08 00:00	7479.0	7500.1	7479.0	7488.3	2
2019-12-09 00:00	7486.1	7595.6	7229.8	7304.2	312
2019-12-10 00:00	7301.0	7333.4	7105.7	7164.2	459
2019-12-11 00:00	7163.3	7210.5	7075.3	7133.6	360
2019-12-12 00:00	7133.0	7229.6	7025.3	7142.8	460
2019-12-13 00:00	7142.9	7241.1	7125.5	7198.3	324
2019-12-15 00:00	7071.5	7072.2	7051.0	7062.6	2
2019-12-16 00:00	7061.8	7081.7	6774.7	6816.8	367
2019-12-17 00:00	6816.8	6876.6	6519.9	6557.7	460
2019-12-18 00:00	6557.7	7164.5	6378.7	7074.8	720
2019-12-19 00:00	7074.9	7385.5	6989.4	7098.5	582
2019-12-20 00:00	7096.3	7159.2	7023.2	7151.6	282
2019-12-22 00:00	7362.1	7364.5	7329.3	7348.7	2
2019-12-23 00:00	7349.6	7631.1	7235.6	7259.7	312
2019-12-24 00:00	7259.1	7367.7	7103.3	7188.6	613
2019-12-25 00:00	7188.6	7189.6	7144.8	7151.9	3
2019-12-26 00:00	7150.4	7370.3	7111.2	7131.6	437
2019-12-27 00:00	7130.2	7194.9	7006.4	7155.3	297
2019-12-29 00:00	7334.2	7340.1	7300.4	7332.1	2
2019-12-30 00:00	7331.7	7365.8	7145.8	7185.6	340
2019-12-31 00:00	7185.8	7241.7	7058.5	7101.1	394
2020-01-01 00:00	7100.8	7164.5	7100.5	7157.6	3
2020-01-02 00:00	7157.3	7157.3	6849.7	6901.8	305
2020-01-03 00:00	6900.9	7341.8	6802.8	7253.4	656
2020-01-05 00:00	7371.8	7371.8	7304.6	7304.6	2
2020-01-06 00:00	7302.7	7548.4	7259.0	7518.2	650
2020-01-07 00:00	7518.0	8133.4	7517.6	7964.5	1100
2020-01-08 00:00	7963.9	8406.1	7816.9	7948.6	1121
2020-01-09 00:00	7948.6	8053.1	7692.4	7729.4	1003
2020-01-10 00:00	7729.4	8076.7	7622.9	8016.1	878
2020-01-12 00:00	8078.8	8086.2	8038.9	8043.7	2
2020-01-13 00:00	8041.0	8136.6	7991.5	8074.4	347
2020-01-14 00:00	8073.8	8800.1	8050.0	8684.0	1025
2020-01-15 00:00	8684.0	8844.1	8504.3	8766.8	834
2020-01-16 00:00	8764.4	8806.3	8528.0	8622.4	776
2020-01-17 00:00	8621.7	8951.4	8608.3	8811.9	725
2020-01-19 00:00	8583.8	8690.8	8582.1	8661.6	2
2020-01-20 00:00	8661.0	8687.0	8442.7	8614.3	608
2020-01-21 00:00	8614.3	8712.6	8429.5	8663.8	633
2020-01-22 00:00	8663.2	8733.9	8516.7	8581.6	504
2020-01-23 00:00	8581.5	8609.4	8222.9	8325.0	522
2020-01-24 00:00	8324.3	8453.8	8163.4	8417.1	529
2020-01-26 00:00	8497.6	8528.6	8496.6	8526.6	2
2020-01-27 00:00	8525.5	8934.1	8479.9	8889.2	665
2020-01-28 00:00	8889.2	9123.7	8818.3	8985.6	792
2020-01-29 00:00	8985.5	9375.4	8981.8	9300.0	672
2020-01-30 00:00	9299.7	9506.5	9130.9	9498.9	762
2020-01-31 00:00	9498.9	9507.8	9143.2	9248.0	590
2020-02-02 00:00	9377.9	9387.2	9365.4	9384.2	2
2020-02-03 00:00	9383.5	9548.6	9164.6	9219.4	518
2020-02-04 00:00	9219.4	9286.1	9022.7	9080.5	464
2020-02-05 00:00	9080.5	9710.5	9074.1	9633.2	781
2020-02-06 00:00	9633.2	9800.5	9473.5	9680.6	790
2020-02-07 00:00	9680.6	9815.2	9598.4	9672.9	647
2020-02-09 00:00	10002.1	10032.1	9999.4	10019.5	2
2020-02-10 00:00	10018.0	10137.2	9702.4	9811.2	709
2020-02-11 00:00	9811.2	10328.9	9655.5	10186.9	717
2020-02-12 00:00	10186.8	10424.4	10164.8	10335.1	716
2020-02-13 00:00	10335.1	10454.4	10031.1	10125.8	831
2020-02-14 00:00	10125.5	10333.6	10046.9	10314.2	897
2020-02-16 00:00	9724.3	9734.0	9705.6	9713.8	2
2020-02-17 00:00	9710.8	9945.7	9418.3	9590.7	758
2020-02-18 00:00	9588.2	10222.6	9555.6	10105.2	708
2020-02-19 00:00	10105.2	10246.0	9261.6	9559.7	760
2020-02-20 00:00	9559.7	9650.5	9359.5	9553.9	662
2020-02-21 00:00	9553.4	9713.1	9521.7	9660.3	710
2020-02-23 00:00	9830.3	9842.1	9827.7	9827.7	2
2020-02-24 00:00	9827.7	9968.2	9431.4	9548.8	631
2020-02-25 00:00	9548.4	9619.8	9189.8	9327.8	468
2020-02-26 00:00	9326.7	9364.5	8570.2	8687.4	339
2020-02-27 00:00	8687.4	8913.9	8467.3	8698.4	576
2020-02-28 00:00	8698.0	8842.8	8380.5	8559.5	847
2020-03-01 00:00	8424.8	8471.1	8404.0	8454.9	2
2020-03-02 00:00	8456.6	8892.4	8433.1	8887.6	722
2020-03-03 00:00	8887.6	8916.3	8604.6	8680.0	602
2020-03-04 00:00	8679.5	8790.2	8613.7	8677.7	536
2020-03-05 00:00	8677.7	9113.1	8671.9	9058.8	765
2020-03-06 00:00	9058.8	9123.6	8942.5	9062.3	786
2020-03-08 00:00	8215.3	8234.5	8158.9	8199.3	2
2020-03-09 00:00	8198.3	8225.9	7579.7	7775.6	804
2020-03-10 00:00	7775.6	8096.4	7680.3	7909.7	568
2020-03-11 00:00	7909.6	7957.6	7535.4	7752.9	627
2020-03-12 00:00	7753.0	7934.2	5514.2	5742.4	978
2020-03-13 00:00	5743.7	5935.5	3850.6	5388.9	1034
2020-03-15 00:00	5118.2	5897.2	5117.4	5871.9	2
2020-03-16 00:00	5870.5	5871.9	4378.0	4924.4	1131
2020-03-17 00:00	4923.8	5505.0	4812.8	5399.0	1180
2020-03-18 00:00	5397.4	5425.2	4967.2	5319.2	1203
2020-03-19 00:00	5319.2	6335.9	5211.9	6204.7	1198
2020-03-20 00:00	6204.7	6888.1	5645.3	5915.5	1331
2020-03-22 00:00	5881.0	6083.6	5878.0	6004.0	2
2020-03-23 00:00	6007.2	6578.7	5635.1	6414.7	1183
2020-03-24 00:00	6414.1	6807.9	6318.1	6665.5	1166
2020-03-25 00:00	6659.9	6928.9	6417.1	6548.6	1096
2020-03-26 00:00	6548.6	6737.8	6476.2	6680.7	955
2020-03-27 00:00	6680.7	6810.9	6531.3	6627.3	689
2020-03-29 00:00	5890.5	5890.5	5840.3	5840.5	2
2020-03-30 00:00	5839.1	6531.4	5798.6	6491.2	970
2020-03-31 00:00	6491.0	6571.6	6287.1	6401.4	853
2020-04-01 00:00	6401.4	6404.4	6102.8	6314.0	901
2020-04-02 00:00	6314.0	7193.7	6313.5	6779.9	1226
2020-04-03 00:00	6779.9	6989.3	6562.1	6646.5	1160
2020-04-05 00:00	6701.0	6737.8	6671.9	6707.7	2
2020-04-06 00:00	6707.7	7265.7	6707.7	7242.6	1169
2020-04-07 00:00	7242.6	7410.5	7022.5	7119.6	1143
2020-04-08 00:00	7119.6	7370.5	7081.4	7277.8	1046
2020-04-09 00:00	7276.6	7339.7	7060.4	7264.8	819
2020-04-10 00:00	7264.8	7268.1	6696.2	6865.9	1007
2020-04-12 00:00	7073.1	7078.8	7036.1	7071.4	2
2020-04-13 00:00	7074.2	7096.6	6534.8	6788.1	976
2020-04-14 00:00	6788.1	6929.3	6722.0	6803.2	1009
2020-04-15 00:00	6803.3	6883.0	6635.6	6677.7	702
2020-04-16 00:00	6677.7	7094.6	6423.9	7023.0	968
2020-04-17 00:00	7021.5	7155.6	6945.0	7004.4	966
2020-04-19 00:00	7091.6	7148.1	7091.6	7139.8	2
2020-04-20 00:00	7138.2	7166.7	6704.9	6800.2	1087
2020-04-21 00:00	6799.1	6897.2	6719.0	6845.7	891
2020-04-22 00:00	6845.7	7111.3	6771.5	7045.1	794
2020-04-23 00:00	7045.1	7706.1	6980.3	7545.3	991
2020-04-24 00:00	7545.3	7553.7	7340.7	7477.3	688
2020-04-26 00:00	7599.5	7603.0	7570.6	7582.0	2
2020-04-27 00:00	7582.7	7742.4	7534.9	7681.9	831
2020-04-28 00:00	7681.7	7740.4	7616.3	7684.9	801
2020-04-29 00:00	7684.2	8916.7	7672.8	8812.9	1208
2020-04-30 00:00	8812.9	9413.9	8355.8	8711.2	1504
2020-05-01 00:00	8711.3	9013.8	8535.5	8676.1	1029
2020-05-03 00:00	8777.8	8849.9	8754.0	8801.8	2
2020-05-04 00:00	8801.1	8908.7	8480.3	8899.8	1015
2020-05-05 00:00	8899.8	9065.1	8732.2	8918.7	991
2020-05-06 00:00	8918.8	9339.7	8867.0	9241.1	1051
2020-05-07 00:00	9241.2	9910.6	8988.5	9829.7	1236
2020-05-08 00:00	9829.7	10016.2	9676.9	9944.1	1125
2020-05-10 00:00	8675.0	8726.1	8631.0	8666.5	2
2020-05-11 00:00	8667.3	9115.5	8145.7	8533.8	1402
2020-05-12 00:00	8532.9	8922.4	8461.9	8726.9	1229
2020-05-13 00:00	8727.2	9357.1	8699.3	9307.7	1300
2020-05-14 00:00	9307.6	9888.5	9212.9	9722.7	1243
2020-05-15 00:00	9721.8	9793.4	9092.2	9186.1	850
2020-05-17 00:00	9676.2	9729.6	9676.1	9704.9	2
2020-05-18 00:00	9704.4	9898.5	9414.7	9628.1	782
2020-05-19 00:00	9628.1	9841.1	9409.9	9632.1	1060
2020-05-20 00:00	9632.1	9783.3	9259.3	9496.8	873
2020-05-21 00:00	9496.8	9514.3	8748.4	9043.3	909
2020-05-22 00:00	9041.9	9210.6	8876.1	9127.6	691
2020-05-24 00:00	8943.9	9021.8	8943.8	8997.3	2
2020-05-25 00:00	9001.4	9009.3	8581.4	8847.6	1000
2020-05-26 00:00	8847.6	8962.0	8644.1	8788.7	727
2020-05-27 00:00	8788.6	9172.5	8750.8	9013.3	511
2020-05-28 00:00	9011.2	9481.1	9001.3	9385.4	548
2020-05-29 00:00	9385.4	9567.5	9285.0	9362.3	540
2020-05-31 00:00	9449.5	9449.5	9369.0	9404.5	2
2020-06-01 00:00	9405.5	9654.6	9334.4	9596.3	271
2020-06-02 00:00	9596.3	10357.3	9245.7	9469.8	601
2020-06-03 00:00	9470.1	9592.2	9341.0	9528.4	520
2020-06-04 00:00	9528.5	9829.2	9404.7	9727.6	631
2020-06-05 00:00	9727.4	9805.8	9566.6	9659.6	645
2020-06-07 00:00	9671.1	9672.5	9644.3	9653.6	2
2020-06-08 00:00	9653.5	9754.1	9598.6	9661.2	591
2020-06-09 00:00	9661.2	9834.6	9527.8	9768.6	592
2020-06-10 00:00	9768.6	9959.3	9651.3	9801.5	642
2020-06-11 00:00	9801.4	9953.5	9038.1	9287.9	609
2020-06-12 00:00	9287.7	9495.6	9177.2	9407.5	498
2020-06-14 00:00	9325.0	9325.1	9259.4	9281.8	2
2020-06-15 00:00	9279.4	9443.7	8853.5	9382.1	634
2020-06-16 00:00	9381.3	9534.9	9329.2	9450.8	535
2020-06-17 00:00	9450.7	9505.3	9189.2	9353.5	365
2020-06-18 00:00	9353.5	9423.0	9218.0	9311.4	357
2020-06-19 00:00	9311.4	9374.4	9177.9	9259.3	346
2020-06-21 00:00	9253.3	9272.2	9250.5	9266.7	2
2020-06-22 00:00	9267.7	9730.6	9217.4	9634.8	277
2020-06-23 00:00	9634.8	9667.0	9524.2	9594.2	441
2020-06-24 00:00	9590.4	9612.1	9146.3	9205.0	344
2020-06-25 00:00	9203.7	9278.7	8939.8	9245.1	388
2020-06-26 00:00	9245.2	9252.2	8975.9	9132.4	400
2020-06-28 00:00	9052.8	9067.8	9036.4	9065.0	2
2020-06-29 00:00	9065.9	9174.6	8962.5	9153.6	508
2020-06-30 00:00	9153.6	9179.4	9008.1	9105.3	494
2020-07-01 00:00	9104.5	9240.9	9037.0	9185.7	505
2020-07-02 00:00	9186.3	9210.0	8891.6	9075.5	582
2020-07-03 00:00	9075.5	9090.7	9001.8	9037.5	457
2020-07-05 00:00	8952.3	8991.6	8870.3	8977.5	2
2020-07-06 00:00	8980.2	9295.0	8975.8	9229.2	243
2020-07-07 00:00	9229.2	9323.4	9150.7	9189.2	337
2020-07-08 00:00	9188.6	9420.3	9180.7	9377.8	333
2020-07-09 00:00	9377.0	9416.3	9109.1	9197.1	295
2020-07-10 00:00	9196.1	9199.6	9070.0	9175.7	253
2020-07-12 00:00	9175.9	9219.3	9165.5	9210.3	2
2020-07-13 00:00	9210.2	9287.2	9144.9	9191.8	49
2020-07-14 00:00	9188.4	9223.2	9069.9	9187.5	48
2020-07-15 00:00	9185.8	9216.5	9101.0	9168.6	48
2020-07-16 00:00	9168.5	9171.6	8977.1	9067.9	48
2020-07-17 00:00	9065.8	9125.8	9022.6	9100.4	46
2020-07-19 00:00	9116.9	9123.3	9108.6	9117.2	2
2020-07-20 00:00	9117.3	9180.0	9081.6	9116.2	48
2020-07-21 00:00	9116.2	9381.3	9101.8	9328.9	48
2020-07-22 00:00	9328.6	9344.4	9229.7	9327.1	48
2020-07-23 00:00	9326.7	9621.9	9324.7	9561.8	48
2020-07-24 00:00	9561.4	9575.6	9421.1	9572.0	46
2020-07-26 00:00	9825.7	9855.3	9819.2	9829.0	2
2020-07-27 00:00	9833.6	11088.0	9832.4	11062.7	48
2020-07-28 00:00	11062.4	11351.3	10534.0	10962.1	48
2020-07-29 00:00	10962.0	11293.9	10794.6	11242.1	48
2020-07-30 00:00	11242.1	11265.1	10796.6	11039.7	48
2020-07-31 00:00	11039.7	11398.3	10921.7	11270.7	44
2020-08-02 00:00	11034.1	11090.2	10946.5	11073.9	2
2020-08-03 00:00	11073.6	11423.6	10907.8	11147.7	48
2020-08-04 00:00	11145.9	11361.5	10986.2	11181.8	48
2020-08-05 00:00	11181.3	11739.5	11045.2	11726.2	48
2020-08-06 00:00	11726.2	11857.0	11497.9	11692.5	48
2020-08-07 00:00	11692.5	11859.7	11293.7	11452.2	44
2020-08-09 00:00	11618.2	11630.0	11574.5	11592.9	2
2020-08-10 00:00	11594.1	12025.5	11462.5	11787.7	48
2020-08-11 00:00	11787.7	11885.0	11071.7	11240.1	48
2020-08-12 00:00	11240.1	11567.6	11110.7	11450.3	48
2020-08-13 00:00	11449.1	11680.7	11222.6	11642.1	48
2020-08-14 00:00	11641.8	11805.1	11599.0	11759.8	44
2020-08-16 00:00	11792.9	11837.1	11788.5	11806.8	2
2020-08-17 00:00	11805.6	12419.8	11719.4	12278.0	48
2020-08-18 00:00	12278.0	12358.9	11780.4	12016.7	48
2020-08-19 00:00	12014.7	12034.2	11539.4	11657.1	48
2020-08-20 00:00	11653.7	11836.7	11621.7	11782.3	48
2020-08-21 00:00	11781.0	11828.3	11557.1	11619.7	44
2020-08-23 00:00	11611.6	11620.1	11586.1	11616.0	2
2020-08-24 00:00	11616.3	11769.2	11540.4	11706.5	48
2020-08-25 00:00	11705.0	11729.9	11066.8	11249.5	48
2020-08-26 00:00	11249.5	11485.0	11200.0	11420.7	48
2020-08-27 00:00	11420.7	11537.3	11072.3	11236.1	48
2020-08-28 00:00	11236.1	11494.0	11212.6	11454.4	44
2020-08-30 00:00	11579.3	11590.0	11543.9	11550.5	2
2020-08-31 00:00	11546.4	11722.5	11527.1	11580.3	48
2020-09-01 00:00	11580.3	12004.8	11488.1	11978.9	48
2020-09-02 00:00	11975.2	12005.1	11165.1	11355.6	48
2020-09-03 00:00	11355.4	11452.3	10494.5	10714.9	48
2020-09-04 00:00	10715.1	10740.5	9893.1	10563.1	44
2020-09-06 00:00	10214.2	10331.4	10209.0	10303.1	2
2020-09-07 00:00	10303.8	10326.7	9863.6	10135.2	48
2020-09-08 00:00	10131.2	10421.6	9906.1	10008.5	48
2020-09-09 00:00	10008.6	10328.1	9840.4	10226.2	48
2020-09-10 00:00	10219.9	10470.4	10160.2	10329.1	48
2020-09-11 00:00	10327.1	10361.9	10188.1	10325.2	48
2020-09-13 00:00	10295.4	10303.7	10273.9	10280.4	2
2020-09-14 00:00	10280.5	10740.7	10232.3	10705.3	48
2020-09-15 00:00	10705.3	10916.5	10606.8	10843.4	48
2020-09-16 00:00	10843.4	11076.2	10649.3	10997.2	48
2020-09-17 00:00	10997.2	11026.0	10733.1	10941.3	48
2020-09-18 00:00	10941.0	11019.9	10801.3	10920.9	48
2020-09-20 00:00	10829.7	10871.8	10799.8	10852.5	2
2020-09-21 00:00	10847.8	10972.3	10285.5	10491.1	48
2020-09-22 00:00	10484.5	10554.0	10341.4	10534.8	48
2020-09-23 00:00	10534.8	10537.2	10120.3	10233.8	48
2020-09-24 00:00	10230.9	10711.1	10177.1	10631.8	48
2020-09-25 00:00	10631.8	10773.0	10541.9	10724.8	48
2020-09-27 00:00	10706.6	10716.7	10687.5	10701.1	2
2020-09-28 00:00	10701.2	10938.3	10701.2	10868.2	48
2020-09-29 00:00	10865.7	10867.8	10621.2	10750.7	48
2020-09-30 00:00	10747.9	10846.5	10647.5	10687.5	48
2020-10-01 00:00	10684.9	10907.8	10432.3	10568.4	48
2020-10-02 00:00	10561.6	10642.2	10365.5	10449.5	48
2020-10-04 00:00	10623.6	10647.5	10618.0	10633.7	2
2020-10-05 00:00	10624.5	10758.4	10608.9	10720.7	48
2020-10-06 00:00	10720.7	10780.7	10510.5	10551.1	48
2020-10-07 00:00	10547.9	10662.2	10530.1	10643.6	48
2020-10-08 00:00	10640.8	10940.6	10520.0	10863.9	48
2020-10-09 00:00	10863.9	11095.8	10818.8	11033.2	48
2020-10-11 00:00	11306.2	11321.5	11264.7	11303.9	2
2020-10-12 00:00	11310.9	11708.7	11184.2	11670.8	48
2020-10-13 00:00	11670.8	11688.6	11295.3	11433.5	48
2020-10-14 00:00	11433.1	11531.8	11277.9	11361.5	48
2020-10-15 00:00	11361.5	11606.9	11249.2	11479.8	48
2020-10-16 00:00	11479.6	11529.9	11197.0	11319.1	48
2020-10-18 00:00	11420.3	11446.0	11413.8	11441.5	2
2020-10-19 00:00	11437.7	11817.3	11395.9	11735.0	48
2020-10-20 00:00	11733.4	12035.7	11667.7	11911.4	48
2020-10-21 00:00	11911.5	12976.1	11881.5	12913.8	48
2020-10-22 00:00	12913.8	13230.6	12683.9	13134.8	48
2020-10-23 00:00	13134.8	13184.9	12712.2	12893.5	48
2020-10-25 00:00	13015.1	13028.3	12989.1	13020.6	2
2020-10-26 00:00	13016.6	13229.5	12768.5	13035.1	48
2020-10-27 00:00	13035.1	13758.9	12983.9	13695.7	48
2020-10-28 00:00	13695.7	13836.0	12883.9	13190.6	48
2020-10-29 00:00	13190.6	13632.5	12965.9	13508.8	48
2020-10-30 00:00	13508.8	13680.8	13109.8	13541.0	48
2020-11-01 00:00	13806.5	13844.6	13768.4	13800.4	2
2020-11-02 00:00	13798.6	13821.2	13198.3	13602.9	48
2020-11-03 00:00	13602.9	13785.3	13276.4	13725.6	48
2020-11-04 00:00	13725.6	14256.3	13526.6	14000.0	48
2020-11-05 00:00	14000.1	15298.4	13984.1	15228.8	48
2020-11-06 00:00	15231.2	15950.5	15188.8	15529.2	48
2020-11-08 00:00	15362.9	15394.5	15247.5	15319.8	2
2020-11-09 00:00	15319.8	15834.7	14809.8	15367.6	48
2020-11-10 00:00	15367.2	15458.6	15077.1	15367.4	48
2020-11-11 00:00	15367.4	15976.4	15270.1	15819.6	48
2020-11-12 00:00	15819.6	16202.8	15462.0	16149.2	48
2020-11-13 00:00	16149.1	16470.8	15955.0	16272.2	48
2020-11-15 00:00	15839.8	15893.9	15820.0	15834.1	2
2020-11-16 00:00	15833.2	16869.0	15776.1	16684.7	48
2020-11-17 00:00	16684.7	17860.0	16553.7	17623.3	48
2020-11-18 00:00	17623.6	18465.0	17227.1	17766.1	48
2020-11-19 00:00	17766.1	18176.4	17343.0	17933.3	48
2020-11-20 00:00	17933.3	18811.0	17704.9	18565.1	48
2020-11-22 00:00	18548.2	18611.0	18494.0	18567.9	2
2020-11-23 00:00	18571.4	18758.8	17987.5	18404.8	48
2020-11-24 00:00	18404.8	19419.6	18060.4	18924.5	48
2020-11-25 00:00	18919.6	19480.4	18624.2	18860.1	48
2020-11-26 00:00	18860.4	18910.3	16202.8	17031.2	48
2020-11-27 00:00	17029.8	17453.8	16424.8	16980.3	48
2020-11-29 00:00	18197.3	18329.3	18197.1	18247.8	2
2020-11-30 00:00	18247.9	19857.9	18067.1	19357.2	48
2020-12-01 00:00	19357.6	19892.7	18119.5	19035.8	48
2020-12-02 00:00	19035.8	19320.1	18318.4	19131.0	48
2020-12-03 00:00	19131.0	19593.4	18861.8	19439.8	48
2020-12-04 00:00	19433.1	19532.2	18684.6	18797.2	48
2020-12-06 00:00	19153.7	19223.7	19112.8	19223.7	2
2020-12-07 00:00	19219.1	19404.4	18885.5	19059.3	48
2020-12-08 00:00	19053.1	19274.1	18595.9	18748.2	48
2020-12-09 00:00	18744.3	18808.3	17619.5	18499.3	48
2020-12-10 00:00	18499.3	18622.2	17885.8	18323.5	48
2020-12-11 00:00	18323.1	18372.9	17565.5	18074.1	48
2020-12-13 00:00	19126.2	19190.9	19119.7	19155.5	2
2020-12-14 00:00	19156.4	19312.8	18957.7	19175.9	48
2020-12-15 00:00	19171.1	19537.4	19030.1	19403.7	48
2020-12-16 00:00	19394.1	21280.7	19278.7	21185.4	48
2020-12-17 00:00	21185.4	23741.9	21178.7	22763.4	48
2020-12-18 00:00	22762.3	23260.1	22339.9	22879.5	48
2020-12-20 00:00	24155.7	24183.9	23379.2	23388.6	2
2020-12-21 00:00	23389.2	24089.3	21931.5	23122.3	48
2020-12-22 00:00	23119.3	23600.2	22363.7	23418.3	48
2020-12-23 00:00	23418.3	24059.5	22789.8	23273.5	48
2020-12-24 00:00	23273.5	23536.3	22625.1	23382.0	48
2020-12-25 00:00	23381.9	24618.9	23358.0	24390.1	48
2020-12-27 00:00	26174.9	26416.7	25778.6	26347.3	2
2020-12-28 00:00	26348.1	27449.5	26057.9	26574.4	48
2020-12-29 00:00	26574.2	27158.6	25826.6	26870.8	48
2020-12-30 00:00	26870.6	28976.2	26869.6	28887.2	48
2020-12-31 00:00	28887.2	29275.1	27970.1	28967.5	48
2021-01-03 00:00	33715.4	33841.6	33547.7	33566.7	2
2021-01-04 00:00	33566.6	33641.3	27909.6	31024.7	48
2021-01-05 00:00	31022.7	34254.9	29924.1	33781.8	48
2021-01-06 00:00	33758.7	36510.7	33353.4	35918.2	48
2021-01-07 00:00	35918.6	40373.2	35769.6	39717.0	48
2021-01-08 00:00	39715.8	41967.1	36585.5	40050.9	48
2021-01-10 00:00	37658.8	38240.3	37515.4	38005.3	2
2021-01-11 00:00	38013.0	39026.1	30288.2	33926.5	48
2021-01-12 00:00	33970.8	36587.7	32482.3	34664.3	48
2021-01-13 00:00	34664.2	37369.8	32339.9	37235.4	48
2021-01-14 00:00	37237.0	40073.6	36732.3	38726.0	48
2021-01-15 00:00	38720.4	39649.8	34384.3	36235.6	44935
2021-01-17 00:00	36029.4	36816.2	36029.4	36484.6	2511
2021-01-18 00:00	36546.3	37404.7	34755.2	36206.1	125414
2021-01-19 00:00	36206.2	37830.3	36053.7	36455.6	127563
2021-01-20 00:00	36455.7	36764.8	33382.7	34882.2	113786
2021-01-21 00:00	34878.1	35646.8	30958.7	31182.0	115004
2021-01-22 00:00	31185.5	33831.3	28778.2	33301.6	111803
2021-01-24 00:00	31666.1	31989.6	31577.7	31887.8	1915
2021-01-25 00:00	31889.2	34855.6	31655.0	32656.3	48
2021-01-26 00:00	32610.6	32808.1	30813.1	31994.1	48
2021-01-27 00:00	31988.3	32918.3	29207.0	30977.5	48
2021-01-28 00:00	30977.3	33315.4	29876.1	33223.7	48
2021-01-29 00:00	33224.1	38605.3	31973.9	34612.3	48
2021-01-31 00:00	32864.6	32902.5	32543.5	32548.8	2
2021-02-01 00:00	32634.4	34682.1	32311.5	33639.6	48
2021-02-02 00:00	33639.7	35983.7	33432.2	35663.5	48
2021-02-03 00:00	35663.4	37432.3	35382.0	37271.6	48
2021-02-04 00:00	37272.9	38723.9	36196.6	37661.9	48
2021-02-05 00:00	37661.2	38328.1	36607.8	37834.6	48
2021-02-07 00:00	38496.8	38646.7	38397.3	38538.5	2
2021-02-08 00:00	38538.1	44778.8	38041.7	44661.6	48
2021-02-09 00:00	44661.5	48183.5	44273.0	47272.3	48
2021-02-10 00:00	47220.8	47331.5	43706.3	44978.1	48
2021-02-11 00:00	44933.2	48636.4	43999.7	46863.1	48
2021-02-12 00:00	46881.2	48890.1	46250.0	47907.3	48
2021-02-14 00:00	48922.0	49039.1	48783.4	48808.1	2
2021-02-15 00:00	48808.2	49280.3	45891.0	48160.0	48
2021-02-16 00:00	48162.7	50544.9	47030.8	48535.2	48
2021-02-17 00:00	48535.1	52596.9	48491.6	52342.8	48
2021-02-18 00:00	52339.0	52511.9	50858.9	51991.2	48
2021-02-19 00:00	51991.1	56284.8	50730.5	55591.2	48
2021-02-21 00:00	57662.1	57893.9	57225.5	57299.7	2
2021-02-22 00:00	57324.1	57618.6	47598.3	54883.6	48
2021-02-23 00:00	54884.1	54982.1	44905.1	47931.5	48
2021-02-24 00:00	47935.0	51374.0	46990.0	48714.2	48
2021-02-25 00:00	48720.1	52038.4	48026.6	48052.0	48
2021-02-26 00:00	48052.0	48793.7	44122.1	45627.8	48
2021-02-28 00:00	44904.0	45405.4	44899.5	45178.1	2
2021-03-01 00:00	45207.6	49495.7	44824.7	48808.8	48
2021-03-02 00:00	48809.9	50198.9	47048.0	47398.1	48
2021-03-03 00:00	47397.2	52595.0	47341.4	50898.1	48
2021-03-04 00:00	50897.9	51757.2	47461.3	47872.1	48
2021-03-05 00:00	47878.9	49428.9	46276.4	49008.4	48
2021-03-07 00:00	50007.1	50215.5	49822.1	50046.8	2
2021-03-08 00:00	50041.7	51951.4	49299.5	51834.2	48
2021-03-09 00:00	51834.2	54780.6	51397.7	54267.2	48
2021-03-10 00:00	54264.7	57339.5	53001.1	56887.6	48
2021-03-11 00:00	56883.2	57869.6	54267.6	57564.2	48
2021-03-12 00:00	57563.2	58100.0	55025.2	56920.0	48
2021-03-14 00:00	60220.3	60423.1	59833.7	60018.3	2
2021-03-15 00:00	60018.7	60696.2	54676.8	56722.1	48
2021-03-16 00:00	56722.1	56891.4	53226.5	56435.6	48
2021-03-17 00:00	56435.6	58690.1	54132.3	58420.5	48
2021-03-18 00:00	58420.5	60058.9	57020.6	57872.3	48
2021-03-19 00:00	57869.3	59419.3	56255.0	58619.8	48
2021-03-21 00:00	57772.6	58096.6	57502.2	58066.4	2
2021-03-22 00:00	58062.8	58380.8	54202.1	54552.1	48
2021-03-23 00:00	54526.4	55796.9	52961.1	54610.2	48
2021-03-24 00:00	54610.1	57165.7	53159.7	53683.4	48
2021-03-25 00:00	53683.4	53683.4	50405.4	52399.6	48
2021-03-26 00:00	52399.6	54576.7	51205.1	54563.2	48
2021-03-28 00:00	54789.2	55274.4	54774.0	55088.2	2
2021-03-29 00:00	55140.2	58357.2	54886.5	57510.1	48
2021-03-30 00:00	57510.1	59394.2	57021.9	58709.9	48
2021-03-31 00:00	58709.8	59784.9	56875.7	58920.0	48
2021-04-01 00:00	58921.8	59440.5	57929.6	58715.9	48
2021-04-02 00:00	58716.6	60051.7	58432.1	58719.3	48
2021-04-04 00:00	57996.5	58148.7	57944.4	58068.4	2
2021-04-05 00:00	58074.9	59211.9	56806.1	58635.7	48
2021-04-06 00:00	58636.0	59425.5	57354.1	57842.5	48
2021-04-07 00:00	57842.4	58604.1	55434.7	56159.2	48
2021-04-08 00:00	56158.2	58107.8	55674.5	57625.8	48
2021-04-09 00:00	57625.7	58839.7	57528.6	58298.7	48
2021-04-11 00:00	59622.6	59622.6	59437.0	59504.9	2
2021-04-12 00:00	59522.3	61208.8	59373.4	59927.7	48
2021-04-13 00:00	59924.7	63703.6	59767.6	63092.8	48
2021-04-14 00:00	63092.8	64848.7	61287.2	62744.4	48
2021-04-15 00:00	62744.4	63779.1	62006.5	63397.0	48
2021-04-16 00:00	63397.7	63556.3	60016.3	61799.2	48
2021-04-18 00:00	56242.3	56393.5	55614.3	56281.5	2
2021-04-19 00:00	56281.0	57554.0	54272.2	56285.7	48
2021-04-20 00:00	56283.6	57048.0	53379.7	57008.5	48
2021-04-21 00:00	57008.8	57059.5	54297.4	54727.9	48
2021-04-22 00:00	54729.3	55416.0	50467.7	51642.7	48
2021-04-23 00:00	51642.7	52186.5	47502.0	50322.8	48
2021-04-25 00:00	48093.9	48362.4	47057.7	47624.5	2
2021-04-26 00:00	47625.0	54359.7	47545.8	53356.7	48
2021-04-27 00:00	53357.4	55451.9	52887.7	55289.1	48
2021-04-28 00:00	55288.8	56425.7	53856.8	54825.2	48
2021-04-29 00:00	54824.8	55174.0	52360.0	53300.6	48
2021-04-30 00:00	53300.2	57361.2	53043.7	57010.6	48
2021-05-02 00:00	56992.9	57137.8	56639.6	56639.6	2
2021-05-03 00:00	56674.2	58939.2	56234.6	57108.0	48
2021-05-04 00:00	57108.0	57457.8	53229.3	54362.6	48
2021-05-05 00:00	54362.6	57913.6	52952.0	56811.9	48
2021-05-06 00:00	56812.5	58363.6	55279.2	56305.4	48
2021-05-07 00:00	56305.4	58656.4	55287.8	57387.1	48
2021-05-09 00:00	57884.7	58184.5	57812.3	58007.7	2
2021-05-10 00:00	58013.5	59533.5	53708.9	55694.3	48
2021-05-11 00:00	55694.3	56896.0	54470.4	56545.5	48
2021-05-12 00:00	56545.5	57951.6	53526.7	54547.3	48
2021-05-13 00:00	54547.3	54752.4	45910.4	49543.3	48
2021-05-14 00:00	49543.6	51518.3	48409.6	49817.1	48
2021-05-16 00:00	44053.2	45538.9	43870.1	45148.6	2
2021-05-17 00:00	45153.6	46590.7	42084.3	43486.5	48
2021-05-18 00:00	43487.5	45798.0	42405.7	42968.6	48
2021-05-19 00:00	42968.6	43537.2	29814.0	38808.8	48
2021-05-20 00:00	38806.4	42478.3	34972.1	40714.5	48
2021-05-21 00:00	40714.5	42217.0	33502.1	36611.2	48
2021-05-23 00:00	33629.4	34449.4	33625.4	34006.1	2
2021-05-24 00:00	34005.7	39884.6	33625.5	38504.4	48
2021-05-25 00:00	38501.7	39793.7	36458.8	37940.3	48
2021-05-26 00:00	37939.9	40829.2	37798.4	39037.0	48
2021-05-27 00:00	39037.0	40349.1	37157.9	38966.5	48
2021-05-28 00:00	38966.5	39127.5	34681.1	34994.2	48
2021-05-30 00:00	36031.1	36175.9	35862.3	35911.5	2
2021-05-31 00:00	35895.7	37435.8	34154.0	36895.4	48
2021-06-01 00:00	36895.4	37866.2	35687.2	36377.6	48
2021-06-02 00:00	36377.6	38189.9	35899.6	37764.1	48
2021-06-03 00:00	37764.1	39439.0	37159.9	38706.3	48
2021-06-04 00:00	38706.3	39230.4	35552.6	37180.2	48
2021-06-06 00:00	35923.7	35950.2	35838.0	35904.4	2
2021-06-07 00:00	35904.4	36750.2	33582.3	34082.6	48
2021-06-08 00:00	34082.5	34248.9	31016.3	33452.6	48
2021-06-09 00:00	33452.6	36916.4	32382.3	36627.9	48
2021-06-10 00:00	36627.9	38376.1	35788.6	36662.5	48
2021-06-11 00:00	36662.5	37616.1	35946.7	36873.1	48
2021-06-13 00:00	39234.0	39234.0	38793.7	38847.4	2
2021-06-14 00:00	38847.5	40984.4	38682.1	40244.1	48
2021-06-15 00:00	40243.7	41264.0	39536.2	39937.2	48
2021-06-16 00:00	39937.2	40444.4	38298.6	38719.8	48
2021-06-17 00:00	38720.5	39507.1	37357.0	37702.0	48
2021-06-18 00:00	37701.9	38164.0	35119.3	35631.0	48
2021-06-20 00:00	35771.5	35846.3	35484.1	35493.3	2
2021-06-21 00:00	35512.8	35743.0	31352.0	31489.5	48
2021-06-22 00:00	31493.4	33265.0	28795.9	32435.3	48
2021-06-23 00:00	32434.1	34785.8	31690.0	33315.9	48
2021-06-24 00:00	33316.0	35243.3	32301.7	34736.1	48
2021-06-25 00:00	34734.8	35460.3	31463.1	31751.5	48
2021-06-27 00:00	32588.1	32821.9	32426.5	32820.4	2
2021-06-28 00:00	32821.2	35252.9	32780.7	34607.2	48
2021-06-29 00:00	34607.2	36562.7	34096.4	36198.0	48
2021-06-30 00:00	36198.0	36219.3	34019.0	34776.5	48
2021-07-01 00:00	34774.5	35164.9	32706.1	33470.6	48
2021-07-02 00:00	33471.6	33924.6	32677.2	33428.3	48
2021-07-04 00:00	35482.3	35902.9	35439.4	35839.8	2
2021-07-05 00:00	35851.0	35851.3	33112.8	34117.7	48
2021-07-06 00:00	34117.5	35059.0	33512.0	33728.3	48
2021-07-07 00:00	33729.4	35010.5	33667.9	34210.6	48
2021-07-08 00:00	34210.1	34259.3	32069.9	32656.5	48
2021-07-09 00:00	32658.0	33960.6	32236.6	33816.2	48
2021-07-11 00:00	33789.4	34544.1	33705.8	34425.4	2
2021-07-12 00:00	34421.4	34621.5	32626.2	32830.0	48
2021-07-13 00:00	32831.1	33292.2	32163.5	32544.9	48
2021-07-14 00:00	32545.3	33062.1	31560.7	32815.8	48
2021-07-15 00:00	32816.2	33142.3	31107.1	31631.1	48
2021-07-16 00:00	31626.9	32210.0	31001.8	31689.7	48
2021-07-18 00:00	31597.1	31811.3	31530.6	31765.4	2
2021-07-19 00:00	31766.1	31880.8	30420.1	30685.7	48
2021-07-20 00:00	30684.8	31016.4	29267.8	29656.2	48
2021-07-21 00:00	29656.1	32769.3	29461.8	31794.3	48
2021-07-22 00:00	31795.7	32556.4	31688.8	32091.0	48
2021-07-23 00:00	32091.0	32861.8	31969.8	32576.2	48
2021-07-25 00:00	34409.7	34574.0	34405.4	34512.6	2
2021-07-26 00:00	34512.5	40490.9	34438.8	37086.0	48
2021-07-27 00:00	37086.0	38733.6	36365.4	38306.4	48
2021-07-28 00:00	38307.0	40851.0	38093.4	40061.9	48
2021-07-29 00:00	40061.7	40594.7	39248.8	39516.5	48
2021-07-30 00:00	39516.4	41530.5	38307.5	41158.6	48
2021-08-01 00:00	41194.4	41276.9	40897.2	41011.8	2
2021-08-02 00:00	41012.6	41163.2	38654.5	39165.6	48
2021-08-03 00:00	39168.0	39738.4	37609.9	38285.8	48
2021-08-04 00:00	38285.9	39917.1	37490.3	39795.5	48
2021-08-05 00:00	39797.0	41332.6	37307.0	40891.3	48
2021-08-06 00:00	40892.1	43310.2	39859.9	42622.5	46
2021-08-08 00:00	43810.1	44235.4	43757.8	44184.1	2
2021-08-09 00:00	44185.4	46440.7	42791.3	45681.6	48
2021-08-10 00:00	45681.5	46663.3	44618.9	45651.7	48
2021-08-11 00:00	45651.8	46721.3	45203.5	46301.9	48
2021-08-12 00:00	46302.0	46308.6	43764.6	44214.6	48
2021-08-13 00:00	44214.0	47821.8	43848.6	47531.5	48
2021-08-15 00:00	46671.0	46959.4	46457.4	46802.4	2
2021-08-16 00:00	46801.5	48006.7	45638.6	46020.4	48
2021-08-17 00:00	46021.0	47120.1	44500.1	44733.0	48
2021-08-18 00:00	44730.6	45977.4	44183.8	44552.2	48
2021-08-19 00:00	44552.3	46860.5	43917.6	46576.4	48
2021-08-20 00:00	46576.3	49316.8	46317.9	49301.9	48
2021-08-22 00:00	48373.3	48720.0	48231.0	48653.9	2
2021-08-23 00:00	48637.5	50457.1	48589.2	49532.2	48
2021-08-24 00:00	49531.1	49823.0	47725.5	48151.0	48
2021-08-25 00:00	48150.2	49111.2	47097.0	49037.4	48
2021-08-26 00:00	49038.1	49312.0	46289.5	47228.1	48
2021-08-27 00:00	47226.8	49121.7	46322.6	48948.5	48
2021-08-29 00:00	48876.7	48937.2	48407.9	48848.0	2
2021-08-30 00:00	48848.7	49346.0	47350.9	48352.3	48
2021-08-31 00:00	48351.6	48415.6	46658.6	46899.6	48
2021-09-01 00:00	46896.0	49074.9	46499.7	48402.9	48
2021-09-02 00:00	48403.0	50331.8	48250.4	49784.6	48
2021-09-03 00:00	49784.1	50977.2	48320.0	50206.0	48
2021-09-05 00:00	51616.5	51809.0	51450.6	51655.5	2
2021-09-06 00:00	51689.7	52168.6	50976.3	52072.1	48
2021-09-07 00:00	52072.7	52883.9	42952.7	46498.5	48
2021-09-08 00:00	46498.6	47290.6	44412.9	46007.8	48
2021-09-09 00:00	46007.1	47347.6	45500.2	46447.4	48
2021-09-10 00:00	46447.7	46989.3	44123.4	44541.0	48
2021-09-12 00:00	45046.3	45251.8	44876.5	45223.0	2
2021-09-13 00:00	45223.1	46799.8	43394.9	45061.3	48
2021-09-14 00:00	45061.3	46907.8	44630.6	46588.9	48
2021-09-15 00:00	46588.9	48382.3	46530.2	48112.7	48
2021-09-16 00:00	48114.8	48433.7	46973.0	47611.7	48
2021-09-17 00:00	47611.5	48104.1	46706.5	47226.5	48
2021-09-19 00:00	47544.8	47614.6	47300.7	47393.4	2
2021-09-20 00:00	47391.1	47548.6	42500.0	43454.4	48
2021-09-21 00:00	43454.4	43864.2	39559.4	41325.8	48
2021-09-22 00:00	41325.8	43953.2	40176.5	43194.5	48
2021-09-23 00:00	43194.3	44875.0	43034.8	44625.8	48
2021-09-24 00:00	44624.5	45088.9	40705.5	42903.6	48
2021-09-26 00:00	43599.7	43605.4	43320.8	43510.1	2
2021-09-27 00:00	43510.3	44300.8	42546.1	43021.1	48
2021-09-28 00:00	43021.3	43344.9	41060.7	41796.4	48
2021-09-29 00:00	41796.2	42534.3	40722.8	41176.2	48
2021-09-30 00:00	41176.3	44048.7	41023.7	43695.6	48
2021-10-01 00:00	43695.3	48379.9	43232.5	48311.2	48
2021-10-03 00:00	48403.3	48403.3	47589.5	47723.7	2
2021-10-04 00:00	47724.1	49429.6	46872.4	48871.3	48
2021-10-05 00:00	48871.3	51836.0	48654.1	51687.5	48
2021-10-06 00:00	51687.3	55373.8	50362.5	55036.6	48
2021-10-07 00:00	55034.2	55691.8	53353.5	54232.0	48
2021-10-08 00:00	54231.7	56031.7	53575.2	54108.9	48
2021-10-10 00:00	55330.2	55361.4	54412.8	54767.5	2
2021-10-11 00:00	54757.4	57763.2	54347.4	57101.9	48
2021-10-12 00:00	57101.9	57594.2	53916.6	55999.7	48
2021-10-13 00:00	56001.3	57644.5	54216.7	57450.0	48
2021-10-14 00:00	57449.3	58452.4	56792.4	57696.7	48
2021-10-15 00:00	57696.9	62799.6	56821.0	61137.7	48
2021-10-17 00:00	59347.6	60582.4	59246.1	60558.7	2
2021-10-18 00:00	60558.7	62619.6	59837.4	61734.1	48
2021-10-19 00:00	61734.8	64285.6	61398.8	64029.8	48
2021-10-20 00:00	64026.8	66923.5	63474.2	65746.2	48
2021-10-21 00:00	65746.1	66586.0	62033.9	62693.0	48
2021-10-22 00:00	62694.9	63671.8	59960.4	60319.1	48
2021-10-24 00:00	61089.0	61267.8	60794.1	60906.3	2
2021-10-25 00:00	60915.7	63644.1	60592.6	62764.4	48
2021-10-26 00:00	62764.0	63221.7	60600.0	60758.7	48
2021-10-27 00:00	60758.7	61419.8	58048.5	58729.6	48
2021-10-28 00:00	58729.6	62398.9	57836.5	60663.6	48
2021-10-29 00:00	60663.7	62901.8	60139.0	62302.5	48
2021-10-31 00:00	60893.7	61463.5	60863.0	61396.9	2
2021-11-01 00:00	61442.9	62422.8	59500.0	60702.8	48
2021-11-02 00:00	60699.8	64231.4	60610.7	62990.9	48
2021-11-03 00:00	62990.9	63493.0	60224.3	63087.5	48
2021-11-04 00:00	63053.8	63143.5	60668.9	61337.9	48
2021-11-05 00:00	61337.9	62562.4	60721.1	61050.2	48
2021-11-07 00:00	62633.9	63044.5	62632.5	62799.0	2
2021-11-08 00:00	62897.2	66500.5	62738.7	66062.9	48
2021-11-09 00:00	66113.0	68480.3	66053.6	67688.2	48
2021-11-10 00:00	67648.3	68932.7	62885.6	64203.5	48
2021-11-11 00:00	63980.5	65534.1	63859.3	64988.8	48
2021-11-12 00:00	64993.1	65406.7	62247.6	64045.5	48
2021-11-14 00:00	64168.7	64416.2	64008.6	64255.1	2
2021-11-15 00:00	64255.0	66297.1	63363.8	63819.7	48
2021-11-16 00:00	63804.6	63970.0	58612.1	60399.0	48
2021-11-17 00:00	60438.3	61105.0	58379.1	60039.5	48
2021-11-18 00:00	60020.1	60911.4	56594.5	57528.4	48
2021-11-19 00:00	57540.2	58342.2	55587.9	57803.5	48
2021-11-21 00:00	59602.2	59649.8	59370.2	59453.6	2
2021-11-22 00:00	59469.0	59472.9	55600.4	56191.0	48
2021-11-23 00:00	56249.5	57818.7	55351.2	57642.5	48
2021-11-24 00:00	57653.1	57692.5	55847.5	57262.3	48
2021-11-25 00:00	57283.8	59381.5	56815.2	58782.3	48
2021-11-26 00:00	58812.6	59293.2	53486.9	53963.4	48
2021-11-28 00:00	54903.1	56350.4	54856.3	56250.5	2
2021-11-29 00:00	56398.3	58866.2	56027.5	58222.1	48
2021-11-30 00:00	58243.5	59177.2	55871.8	57057.8	48
2021-12-01 00:00	57025.2	59046.0	56432.5	56954.2	48
2021-12-02 00:00	56968.2	57356.3	55793.0	56820.2	48
2021-12-03 00:00	56815.3	57597.3	51717.8	53594.8	46
2021-12-05 00:00	48854.4	49217.9	48530.1	49157.3	2
2021-12-06 00:00	49176.8	50537.6	47183.2	50034.7	48
2021-12-07 00:00	50130.6	51922.9	50065.4	50449.4	48
2021-12-08 00:00	50479.4	51185.8	48624.6	50550.3	48
2021-12-09 00:00	50569.2	50791.2	47280.2	47938.2	48
2021-12-10 00:00	47958.3	50047.2	47257.2	47891.3	48
2021-12-12 00:00	50235.8	50264.8	49850.0	49897.8	2
2021-12-13 00:00	49939.0	50356.6	45745.8	46756.1	48
2021-12-14 00:00	46757.3	48612.5	46258.0	48233.5	48
2021-12-15 00:00	48251.5	49439.8	46528.0	49117.7	48
2021-12-16 00:00	49171.7	49392.1	47614.8	48052.0	48
2021-12-17 00:00	48052.4	48103.6	45438.9	46812.1	48
2021-12-19 00:00	46727.7	46831.9	46611.1	46680.8	2
2021-12-20 00:00	46634.5	47498.6	45520.6	46941.2	48
2021-12-21 00:00	46955.5	49279.2	46610.0	49040.0	48
2021-12-22 00:00	49018.9	49519.9	48404.5	48994.4	48
2021-12-23 00:00	49009.5	51332.6	48010.9	50778.2	48
2021-12-24 00:00	50798.8	51791.6	50392.4	50843.6	48
2021-12-26 00:00	50247.6	50982.9	49904.2	50762.4	2
2021-12-27 00:00	50803.0	52012.8	50420.2	50920.4	48
2021-12-28 00:00	50919.2	51181.4	47272.2	47511.0	48
2021-12-29 00:00	47493.3	48089.5	46559.0	47172.5	48
2021-12-30 00:00	47130.2	47848.0	45937.6	47235.2	48
2021-12-31 00:00	47208.4	48512.0	46690.1	47429.4	38
2022-01-03 00:00	46988.8	47518.8	45700.0	45942.4	48
2022-01-04 00:00	45932.3	47482.0	45503.3	46172.5	48
2022-01-05 00:00	46089.8	47000.7	43402.1	43547.7	48
2022-01-06 00:00	43624.7	43722.2	42393.4	43066.6	48
2022-01-07 00:00	43073.3	43180.7	40620.1	41818.6	48
2022-01-09 00:00	42404.9	42481.8	42249.0	42259.0	2
2022-01-10 00:00	42245.3	42433.7	39604.1	41663.9	48
2022-01-11 00:00	41695.9	43054.1	41230.5	42620.4	48
2022-01-12 00:00	42630.7	44252.6	42424.2	43728.3	48
2022-01-13 00:00	43730.9	44382.0	42276.8	42765.6	48
2022-01-14 00:00	42761.7	43394.5	41731.7	43256.0	48
2022-01-16 00:00	42991.2	43049.2	42870.5	42915.8	2
2022-01-17 00:00	42925.6	43234.4	41565.4	41674.5	48
2022-01-18 00:00	41652.1	42437.3	41246.8	42331.8	48
2022-01-19 00:00	42339.2	42617.1	41106.5	41669.4	48
2022-01-20 00:00	41673.7	43451.7	41269.9	41278.4	48
2022-01-21 00:00	41170.4	41567.9	36132.8	36660.9	48
2022-01-23 00:00	35275.9	35534.9	35078.9	35321.9	2
2022-01-24 00:00	35327.9	37490.7	32925.6	36780.1	48
2022-01-25 00:00	36730.0	37551.2	35668.0	36515.2	48
2022-01-26 00:00	36538.0	38858.2	36290.4	36291.0	48
2022-01-27 00:00	36296.7	37140.1	35486.6	36143.6	48
2022-01-28 00:00	36097.6	37943.7	35849.7	37764.9	48
2022-01-30 00:00	37717.1	37802.2	37466.9	37717.1	2
2022-01-31 00:00	37717.1	38687.2	36642.0	38381.5	48
2022-02-01 00:00	38375.8	39215.3	38035.6	38754.5	48
2022-02-02 00:00	38780.6	38846.9	36582.0	36876.3	48
2022-02-03 00:00	37037.9	37237.6	36218.9	36906.8	48
2022-02-04 00:00	36886.1	40847.0	36767.9	40586.9	48
2022-02-06 00:00	41552.9	41685.9	41528.9	41634.9	2
2022-02-07 00:00	41634.9	44455.7	41522.6	44040.0	48
2022-02-08 00:00	44056.4	45430.9	42658.2	44168.7	48
2022-02-09 00:00	44205.9	44779.9	43128.8	44461.2	48
2022-02-10 00:00	44461.2	45791.3	43166.3	43697.2	48
2022-02-11 00:00	43697.3	44156.1	42038.0	42546.0	48
2022-02-13 00:00	42506.6	42549.6	42257.0	42268.5	2
2022-02-14 00:00	42268.5	42893.2	41510.4	42188.9	48
2022-02-15 00:00	42225.5	44528.8	42187.8	43963.7	48
2022-02-16 00:00	43963.7	44714.4	43336.0	44032.2	48
2022-02-17 00:00	44034.0	44136.7	40039.0	40641.0	48
2022-02-18 00:00	40582.9	40991.7	39423.8	39950.9	48
2022-02-21 00:00	38219.9	39437.4	36970.9	37013.5	48
2022-02-22 00:00	36859.0	38330.9	36318.9	37845.7	48
2022-02-23 00:00	37831.3	39280.0	37371.3	37479.2	48
2022-02-24 00:00	37473.8	39640.1	34299.6	38359.2	48
2022-02-25 00:00	38394.5	39718.0	37734.7	39010.6	48
2022-02-28 00:00	37390.9	41890.6	37327.9	41594.1	48
2022-03-01 00:00	41627.1	44986.0	41586.2	43903.8	48
2022-03-02 00:00	43903.8	45250.4	43306.1	44019.1	48
2022-03-03 00:00	44087.4	44319.9	41793.5	42153.5	48
2022-03-04 00:00	42153.5	42654.6	39035.5	39350.9	48
2022-03-07 00:00	39032.3	39562.7	37118.8	37794.2	52
2022-03-08 00:00	37759.3	39317.9	37757.6	38454.9	48
2022-03-09 00:00	38464.8	42587.3	38448.5	41906.5	48
2022-03-10 00:00	41906.5	42089.2	38555.8	39275.4	48
2022-03-11 00:00	39269.5	40204.5	38190.1	38800.9	48
2022-03-13 00:00	38636.8	38773.0	38608.9	38684.9	2
2022-03-14 00:00	38699.9	39279.9	37527.5	38681.6	48
2022-03-15 00:00	38677.4	39861.2	38188.5	39613.6	48
2022-03-16 00:00	39607.9	41642.5	38876.7	41066.7	48
2022-03-17 00:00	41066.7	41418.3	40500.0	40959.1	48
2022-03-18 00:00	40955.8	42346.9	40144.0	41708.0	46
2022-03-20 00:00	41244.4	41439.0	41061.8	41316.4	2
2022-03-21 00:00	41311.8	41504.5	40480.6	41255.8	48
2022-03-22 00:00	41253.2	43269.6	40902.5	42838.2	48
2022-03-23 00:00	42838.2	42899.8	41724.3	42352.7	48
2022-03-24 00:00	42342.4	44265.5	42308.6	43996.3	48
2022-03-25 00:00	43995.9	45115.8	43560.0	44614.7	46
2022-03-27 00:00	46071.6	46732.2	45805.6	46514.8	2
2022-03-28 00:00	46515.0	48229.2	46317.5	47599.5	48
2022-03-29 00:00	47599.5	48130.0	46886.7	47240.4	48
2022-03-30 00:00	47230.3	47734.8	46540.7	46942.9	48
2022-03-31 00:00	46942.9	47644.7	45477.7	45730.3	48
2022-04-01 00:00	45728.3	46659.9	44195.7	46428.0	40