2017-01-27 00:00	251.340	252.990	248.550	252.990	390
2017-01-30 00:00	252.510	255.140	247.100	250.630	388
2017-01-31 00:00	248.870	255.760	247.680	251.990	390
2017-02-01 00:00	253.020	253.100	249.060	249.160	390
2017-02-02 00:00	248.200	252.320	247.750	251.407	390
2017-02-03 00:00	251.907	251.910	249.680	251.240	389
2017-02-06 00:00	250.717	257.760	250.630	257.760	390
2017-02-07 00:00	258.116	259.990	256.420	257.440	388
2017-02-08 00:00	257.178	263.353	256.200	261.928	390
2017-02-09 00:00	266.150	271.020	266.150	269.080	390
2017-02-10 00:00	269.696	270.880	266.130	269.150	390
2017-02-13 00:00	270.509	280.750	270.496	280.590	390
2017-02-14 00:00	278.868	287.217	278.750	280.696	390
2017-02-15 00:00	280.000	282.140	276.400	279.710	390
2017-02-16 00:00	277.419	279.540	268.510	268.940	390
2017-02-17 00:00	264.949	272.800	264.120	272.210	390
2017-02-21 00:00	274.986	281.230	274.008	277.350	390
2017-02-22 00:00	279.970	283.230	272.560	273.260	390
2017-02-23 00:00	263.999	264.280	255.560	255.925	390
2017-02-24 00:00	252.245	258.188	250.190	256.960	390
2017-02-27 00:00	247.995	248.190	242.000	246.137	390
2017-02-28 00:00	244.116	250.960	243.807	249.990	390
2017-03-01 00:00	254.008	254.706	249.130	249.980	389
2017-03-02 00:00	249.649	253.190	248.270	250.470	390
2017-03-03 00:00	250.599	251.680	249.000	251.540	390
2017-03-06 00:00	247.766	251.675	247.515	251.290	390
2017-03-07 00:00	251.898	253.750	248.350	248.575	388
2017-03-08 00:00	246.909	249.940	245.320	246.850	390
2017-03-09 00:00	247.535	248.570	243.000	244.849	390
2017-03-10 00:00	246.170	246.250	243.000	243.670	390
2017-03-13 00:00	244.156	246.760	242.729	245.999	408
2017-03-14 00:00	246.040	258.100	246.004	257.997	391
2017-03-15 00:00	256.880	260.770	254.250	255.765	391
2017-03-16 00:00	262.370	265.729	259.000	262.056	391
2017-03-17 00:00	263.850	265.260	261.190	261.200	390
2017-03-20 00:00	260.870	264.410	258.820	261.880	390
2017-03-21 00:00	262.760	264.740	250.240	250.680	390
2017-03-22 00:00	251.440	255.060	250.500	255.020	389
2017-03-23 00:00	255.010	257.600	253.300	254.800	388
2017-03-24 00:00	255.400	263.870	255.000	263.137	391
2017-03-27 00:00	260.450	270.486	259.750	270.186	390
2017-03-28 00:00	278.008	280.628	274.996	277.407	390
2017-03-29 00:00	277.516	279.450	275.536	277.327	391
2017-03-30 00:00	278.006	281.896	277.166	277.768	390
2017-03-31 00:00	278.699	279.628	276.258	278.396	391
2017-04-03 00:00	287.067	298.988	284.616	298.455	391
2017-04-04 00:00	297.209	304.789	294.548	303.657	391
2017-04-05 00:00	302.006	304.799	294.238	294.795	391
2017-04-06 00:00	296.545	301.749	294.127	298.598	391
2017-04-07 00:00	297.497	302.546	297.096	302.419	391
2017-04-10 00:00	309.097	313.499	308.697	312.298	391
2017-04-11 00:00	312.495	313.236	305.496	308.609	391
2017-04-12 00:00	306.249	308.339	296.296	296.795	391
2017-04-13 00:00	296.597	307.308	295.288	303.997	391
2017-04-17 00:00	302.506	303.867	298.679	301.259	391
2017-04-18 00:00	299.536	300.790	297.886	300.248	391
2017-04-19 00:00	302.267	306.578	302.048	305.505	391
2017-04-20 00:00	306.228	309.090	300.228	302.488	391
2017-04-21 00:00	301.999	306.307	300.397	305.568	391
2017-04-24 00:00	308.998	310.369	306.018	307.839	391
2017-04-25 00:00	307.975	313.936	305.880	313.707	391
2017-04-26 00:00	312.295	314.349	309.006	310.027	391
2017-04-27 00:00	311.297	313.009	307.496	308.405	391
2017-04-28 00:00	309.806	314.549	308.008	313.987	391
2017-05-01 00:00	314.746	327.124	314.745	322.817	391
2017-05-02 00:00	324.017	327.528	316.556	318.826	391
2017-05-03 00:00	317.649	321.500	310.406	310.647	391
2017-05-04 00:00	307.117	307.190	290.799	295.317	391
2017-05-05 00:00	297.998	308.476	296.798	308.206	391
2017-05-08 00:00	310.575	313.637	305.750	307.065	391
2017-05-09 00:00	309.345	321.959	309.057	321.176	391
2017-05-10 00:00	321.497	325.339	318.096	325.096	391
2017-05-11 00:00	323.746	325.887	319.597	322.969	391
2017-05-12 00:00	325.099	326.865	321.528	324.650	390
2017-05-15 00:00	317.998	319.989	312.528	315.676	391
2017-05-16 00:00	317.537	319.987	315.096	317.018	391
2017-05-17 00:00	314.299	314.409	305.496	305.986	391
2017-05-18 00:00	306.996	313.868	305.328	313.017	391
2017-05-19 00:00	315.109	316.338	310.219	310.738	391
2017-05-22 00:00	312.497	314.038	306.796	310.297	391
2017-05-23 00:00	310.447	310.469	303.430	303.767	391
2017-05-24 00:00	306.697	310.985	305.308	310.156	391
2017-05-25 00:00	310.975	316.938	307.798	316.709	391
2017-05-26 00:00	316.998	325.445	316.306	325.016	391
2017-05-30 00:00	325.935	336.219	325.698	334.976	391
2017-05-31 00:00	337.508	342.848	335.186	340.875	391
2017-06-01 00:00	343.748	344.360	337.268	340.228	391
2017-06-02 00:00	339.866	342.800	335.889	339.735	391
2017-06-05 00:00	338.419	348.360	334.196	347.319	391
2017-06-06 00:00	344.707	359.454	344.665	352.727	391
2017-06-07 00:00	356.296	360.430	355.098	359.408	391
2017-06-08 00:00	363.375	371.768	360.206	369.956	391
2017-06-09 00:00	374.409	376.718	354.788	357.440	391
2017-06-12 00:00	357.719	364.287	350.607	358.938	391
2017-06-13 00:00	367.498	375.989	366.658	375.906	391
2017-06-14 00:00	380.999	384.009	376.267	380.507	391
2017-06-15 00:00	372.097	375.448	366.610	375.079	391
2017-06-16 00:00	377.505	377.895	370.116	371.266	391
2017-06-19 00:00	374.496	376.558	367.730	369.655	391
2017-06-20 00:00	376.547	378.660	369.890	372.159	391
2017-06-21 00:00	374.010	376.910	368.030	376.450	390
2017-06-22 00:00	377.700	384.970	373.550	382.500	390
2017-06-23 00:00	382.400	386.940	379.250	383.180	390
2017-06-26 00:00	386.380	386.790	373.050	377.390	389
2017-06-27 00:00	375.550	376.070	362.020	362.360	390
2017-06-28 00:00	367.500	371.640	362.530	371.210	386
2017-06-29 00:00	370.610	370.850	354.080	360.730	390
2017-06-30 00:00	363.500	366.420	359.600	361.610	390
2017-07-03 00:00	369.080	371.190	351.500	352.620	210
2017-07-05 00:00	346.540	346.540	326.330	327.000	391
2017-07-06 00:00	317.160	320.670	306.300	308.800	390
2017-07-07 00:00	313.800	316.940	307.410	313.060	390
2017-07-10 00:00	312.660	317.860	303.130	315.890	390
2017-07-11 00:00	315.600	327.250	314.250	327.180	390
2017-07-12 00:00	331.000	333.040	324.490	329.390	390
2017-07-13 00:00	329.840	331.420	319.890	323.280	390
2017-07-14 00:00	323.230	328.300	321.130	327.630	390
2017-07-17 00:00	325.300	326.910	313.440	319.360	390
2017-07-18 00:00	317.380	328.990	315.810	328.200	390
2017-07-19 00:00	328.200	331.490	323.200	325.250	390
2017-07-20 00:00	326.800	329.990	324.160	329.760	390
2017-07-21 00:00	328.590	331.250	325.850	328.240	390
2017-07-24 00:00	330.230	343.280	330.010	342.090	391
2017-07-25 00:00	345.120	345.240	334.270	339.390	390
2017-07-26 00:00	341.210	345.390	338.120	343.750	390
2017-07-27 00:00	345.900	347.380	326.290	334.400	390
2017-07-28 00:00	336.500	339.570	332.460	334.880	390
2017-07-31 00:00	335.400	341.290	321.040	323.240	391
2017-08-01 00:00	322.460	324.350	316.130	319.500	390
2017-08-02 00:00	319.370	327.050	311.220	325.710	390
2017-08-03 00:00	346.110	349.850	343.150	347.070	390
2017-08-04 00:00	346.840	357.230	343.300	356.900	390
2017-08-07 00:00	356.950	359.260	352.700	355.150	390
2017-08-08 00:00	357.410	368.560	357.400	365.190	390
2017-08-09 00:00	360.790	369.970	358.950	363.640	390
2017-08-10 00:00	362.000	366.570	354.610	355.400	390
2017-08-11 00:00	356.480	360.670	353.640	357.800	390
2017-08-14 00:00	364.010	367.540	362.600	363.630	390
2017-08-15 00:00	365.110	365.190	359.250	362.070	389
2017-08-16 00:00	362.550	366.350	362.510	362.860	390
2017-08-17 00:00	361.370	363.070	351.530	351.840	390
2017-08-18 00:00	352.750	353.750	345.830	347.500	390
2017-08-21 00:00	345.000	345.000	331.840	337.830	390
2017-08-22 00:00	340.810	342.200	337.300	341.250	390
2017-08-23 00:00	338.590	353.390	338.250	352.740	390
2017-08-24 00:00	352.780	356.390	349.520	352.930	390
2017-08-25 00:00	354.010	355.500	347.290	347.980	390
2017-08-28 00:00	347.100	347.240	339.710	345.650	390
2017-08-29 00:00	339.210	348.960	338.740	347.200	390
2017-08-30 00:00	349.000	353.440	347.010	353.070	390
2017-08-31 00:00	353.800	358.420	352.790	355.830	389
2017-09-01 00:00	356.060	357.520	353.670	355.200	390
2017-09-05 00:00	353.560	355.390	345.870	349.500	390
2017-09-06 00:00	349.670	350.480	341.550	344.530	390
2017-09-07 00:00	345.550	352.360	343.390	350.500	390
2017-09-08 00:00	348.920	349.620	342.290	343.330	390
2017-09-11 00:00	351.280	363.680	349.990	363.670	390
2017-09-12 00:00	364.020	368.710	360.400	362.650	390
2017-09-13 00:00	363.610	367.970	359.560	366.140	390
2017-09-14 00:00	365.000	377.900	362.490	377.420	390
2017-09-15 00:00	374.099	379.948	372.799	379.798	390
2017-09-18 00:00	380.007	389.538	377.757	384.508	390
2017-09-19 00:00	379.358	382.197	373.557	374.807	390
2017-09-20 00:00	372.698	378.197	371.047	373.877	390
2017-09-21 00:00	374.667	376.558	364.497	366.387	390
2017-09-22 00:00	366.448	369.738	350.877	350.908	390
2017-09-25 00:00	352.998	357.347	342.857	344.868	390
2017-09-26 00:00	349.997	351.107	340.897	345.158	390
2017-09-27 00:00	349.398	351.278	340.397	340.967	390
2017-09-28 00:00	340.007	342.477	335.397	339.448	390
2017-09-29 00:00	341.767	344.572	338.588	341.007	390
2017-10-02 00:00	342.738	343.667	335.498	341.437	390
2017-10-03 00:00	335.857	348.518	331.247	348.108	390
2017-10-04 00:00	351.107	358.498	349.597	354.967	390
2017-10-05 00:00	355.918	357.278	351.348	355.107	390
2017-10-06 00:00	353.007	359.988	352.228	356.817	390
2017-10-09 00:00	349.478	351.568	342.687	342.877	390
2017-10-10 00:00	346.758	355.588	345.527	355.548	390
2017-10-11 00:00	353.878	357.528	351.147	354.477	390
2017-10-12 00:00	352.678	359.728	352.657	355.557	390
2017-10-13 00:00	356.977	358.337	353.618	355.448	390
2017-10-16 00:00	353.498	354.258	347.128	350.447	390
2017-10-17 00:00	350.898	356.178	350.067	355.638	390
2017-10-18 00:00	355.987	362.807	354.108	359.647	390
2017-10-19 00:00	355.498	356.957	348.177	351.777	390
2017-10-20 00:00	352.330	354.525	344.328	345.038	390
2017-10-23 00:00	349.847	349.847	336.197	337.017	390
2017-10-24 00:00	338.898	342.728	336.117	337.298	390
2017-10-25 00:00	336.497	336.787	323.548	325.817	390
2017-10-26 00:00	327.397	330.058	323.197	326.097	390
2017-10-27 00:00	319.658	324.547	316.667	320.787	390
2017-10-30 00:00	319.000	323.742	317.370	320.030	390
2017-10-31 00:00	320.220	331.920	320.170	331.500	390
2017-11-01 00:00	332.287	332.430	320.260	321.072	390
2017-11-02 00:00	300.000	308.590	292.630	299.278	390
2017-11-03 00:00	299.497	306.208	295.117	306.078	390
2017-11-06 00:00	306.998	307.157	299.018	302.688	390
2017-11-07 00:00	300.358	306.418	300.027	306.027	390
2017-11-08 00:00	304.497	306.687	301.297	304.328	390
2017-11-09 00:00	301.808	304.188	296.298	302.948	390
2017-11-10 00:00	302.238	308.188	301.798	302.837	390
2017-11-13 00:00	300.118	316.718	299.108	315.378	390
2017-11-14 00:00	314.998	316.268	306.877	308.718	390
2017-11-15 00:00	306.492	312.448	301.497	311.248	390
2017-11-16 00:00	313.977	318.127	311.298	312.468	390
2017-11-17 00:00	325.877	326.348	313.147	314.988	390
2017-11-20 00:00	313.747	315.432	304.747	308.698	390
2017-11-21 00:00	310.657	318.148	308.697	317.718	390
2017-11-22 00:00	316.627	317.198	311.797	312.597	390
2017-11-24 00:00	313.237	316.387	311.038	315.298	220
2017-11-27 00:00	313.107	317.308	309.567	316.738	390
2017-11-28 00:00	316.198	319.978	313.898	317.578	390
2017-11-29 00:00	317.008	317.828	301.198	307.558	390
2017-11-30 00:00	308.697	310.587	304.498	308.927	390
2017-12-01 00:00	305.048	310.028	305.048	306.517	390
2017-12-04 00:00	305.998	308.187	300.658	305.188	390
2017-12-05 00:00	301.518	307.957	300.948	303.698	390
2017-12-06 00:00	300.097	313.337	299.997	313.257	390
2017-12-07 00:00	311.747	318.597	311.047	311.247	390
2017-12-08 00:00	314.297	316.755	311.278	315.058	390
2017-12-11 00:00	313.648	328.988	313.648	328.838	390
2017-12-12 00:00	330.447	341.358	330.027	341.007	390
2017-12-13 00:00	340.928	344.048	336.498	338.967	390
2017-12-14 00:00	340.997	347.377	336.898	337.738	390
2017-12-15 00:00	341.398	343.598	335.638	343.598	390
2017-12-18 00:00	344.648	346.597	337.567	338.808	390
2017-12-19 00:00	340.258	341.348	330.288	331.038	390
2017-12-20 00:00	332.648	332.945	325.007	328.958	390
2017-12-21 00:00	328.998	333.547	327.198	331.598	390
2017-12-22 00:00	329.628	330.798	324.807	325.127	390
2017-12-26 00:00	323.757	323.758	316.567	317.298	390
2017-12-27 00:00	315.988	317.477	310.747	311.557	390
2017-12-28 00:00	311.648	315.787	309.528	315.177	390
2017-12-29 00:00	315.478	316.057	309.997	311.417	390
2018-01-02 00:00	311.997	322.048	310.997	320.358	390
2018-01-03 00:00	320.548	325.108	315.498	316.987	390
2018-01-04 00:00	312.508	318.480	305.668	314.618	390
2018-01-05 00:00	316.577	317.188	311.997	316.598	390
2018-01-08 00:00	315.798	336.955	315.597	336.397	390
2018-01-09 00:00	334.497	338.738	327.397	333.667	390
2018-01-10 00:00	331.747	336.897	329.998	334.718	390
2018-01-11 00:00	335.007	344.780	333.258	337.918	390
2018-01-12 00:00	338.567	340.198	333.658	336.198	390
2018-01-16 00:00	337.538	344.885	334.757	340.038	390
2018-01-17 00:00	340.377	348.977	339.747	347.087	390
2018-01-18 00:00	345.497	352.198	343.737	344.497	390
2018-01-19 00:00	345.078	350.528	342.538	349.927	390
2018-01-22 00:00	349.148	357.797	349.148	351.518	390
2018-01-23 00:00	359.817	360.487	351.038	352.818	390
2018-01-24 00:00	353.997	354.567	343.497	345.867	390
2018-01-25 00:00	348.167	349.008	336.397	337.478	390
2018-01-26 00:00	341.397	343.507	335.697	342.687	390
2018-01-29 00:00	339.267	350.798	338.487	349.208	390
2018-01-30 00:00	345.098	348.128	342.157	345.667	390
2018-01-31 00:00	347.397	356.128	345.188	354.397	390
2018-02-01 00:00	349.997	359.457	348.618	349.237	391
2018-02-02 00:00	348.058	351.317	340.498	343.737	390
2018-02-05 00:00	337.398	344.368	332.988	333.178	390
2018-02-06 00:00	325.198	336.147	323.557	333.627	390
2018-02-07 00:00	338.668	345.948	335.597	344.767	390
2018-02-08 00:00	343.298	348.127	314.617	314.768	390
2018-02-09 00:00	319.918	320.747	294.708	310.347	390
2018-02-12 00:00	316.098	317.998	306.398	315.358	390
2018-02-13 00:00	314.997	324.097	312.508	323.598	390
2018-02-14 00:00	320.698	326.078	318.907	322.088	390
2018-02-15 00:00	323.997	334.058	322.337	334.008	390
2018-02-16 00:00	331.698	343.048	331.578	335.358	390
2018-02-20 00:00	334.157	340.777	331.498	335.007	390
2018-02-21 00:00	335.997	339.577	333.157	333.237	390
2018-02-22 00:00	335.498	347.410	334.747	346.267	390
2018-02-23 00:00	347.648	354.968	347.098	352.038	390
2018-02-26 00:00	353.257	358.967	352.397	357.478	390
2018-02-27 00:00	356.248	359.897	350.007	350.948	390
2018-02-28 00:00	352.497	354.997	342.217	343.058	390
2018-03-01 00:00	344.997	348.397	330.018	330.927	390
2018-03-02 00:00	326.328	335.088	322.877	334.987	390
2018-03-05 00:00	332.378	337.658	329.287	333.298	390
2018-03-06 00:00	333.638	336.270	326.987	328.228	390
2018-03-07 00:00	325.398	332.428	321.697	332.288	390
2018-03-08 00:00	332.787	333.217	326.247	329.007	390
2018-03-09 00:00	324.097	328.417	322.367	327.067	390
2018-03-12 00:00	328.597	347.108	326.497	345.427	390
2018-03-13 00:00	344.627	344.827	336.287	341.838	390
2018-03-14 00:00	336.767	339.718	323.867	326.607	390
2018-03-15 00:00	328.957	332.645	321.067	325.478	390
2018-03-16 00:00	326.157	326.947	319.037	321.197	390
2018-03-19 00:00	315.798	320.517	309.677	313.568	390
2018-03-20 00:00	314.798	316.207	308.757	310.547	390
2018-03-21 00:00	310.218	322.407	310.197	316.468	390
2018-03-22 00:00	312.677	318.518	308.138	309.037	390
2018-03-23 00:00	310.718	311.347	300.447	301.607	390
2018-03-26 00:00	307.247	307.480	291.348	304.208	390
2018-03-27 00:00	303.898	304.188	277.237	279.178	392
2018-03-28 00:00	264.498	268.587	252.097	257.777	390
2018-03-29 00:00	256.207	270.718	248.237	266.057	390
2018-04-02 00:00	256.137	260.088	244.587	252.490	390
2018-04-03 00:00	269.598	273.237	254.477	267.488	390
2018-04-04 00:00	252.597	288.268	251.977	286.777	392
2018-04-05 00:00	289.008	306.068	288.498	305.677	397
2018-04-06 00:00	300.498	309.128	295.417	299.577	391
2018-04-09 00:00	300.308	309.267	289.207	289.667	390
2018-04-10 00:00	298.398	307.018	293.668	304.675	390
2018-04-11 00:00	300.147	308.838	299.657	300.947	390
2018-04-12 00:00	301.998	303.755	293.677	294.067	390
2018-04-13 00:00	303.477	303.717	295.978	300.208	390
2018-04-16 00:00	298.997	299.478	289.007	291.208	390
2018-04-17 00:00	287.747	292.048	282.497	287.685	390
2018-04-18 00:00	291.067	299.955	288.158	293.347	390
2018-04-19 00:00	291.007	300.957	288.497	300.127	390
2018-04-20 00:00	294.997	299.828	289.747	290.177	390
2018-04-23 00:00	291.098	291.308	282.307	283.418	390
2018-04-24 00:00	284.997	286.928	278.367	283.398	390
2018-04-25 00:00	283.488	285.147	277.207	280.668	390
2018-04-26 00:00	278.448	285.747	276.487	285.428	390
2018-04-27 00:00	284.388	294.398	283.778	293.928	390
2018-04-30 00:00	293.577	298.608	292.498	293.857	390
2018-05-01 00:00	293.188	300.777	293.077	299.408	390
2018-05-02 00:00	298.507	306.808	297.887	300.998	390
2018-05-03 00:00	278.697	285.957	275.197	284.377	391
2018-05-04 00:00	282.778	296.768	279.657	293.888	390
2018-05-07 00:00	297.477	305.878	295.088	302.718	390
2018-05-08 00:00	300.238	307.710	298.987	301.968	390
2018-05-09 00:00	299.987	306.967	299.987	306.718	390
2018-05-10 00:00	307.187	312.778	304.087	304.857	390
2018-05-11 00:00	306.988	308.777	299.027	301.018	390
2018-05-14 00:00	302.998	304.868	291.597	291.848	390
2018-05-15 00:00	284.997	286.892	280.477	284.228	390
2018-05-16 00:00	283.138	288.767	281.537	286.457	390
2018-05-17 00:00	285.297	289.108	283.947	284.397	390
2018-05-18 00:00	284.328	284.328	273.977	276.798	390
2018-05-21 00:00	281.288	291.338	281.277	284.437	390
2018-05-22 00:00	286.887	287.858	273.387	274.898	390
2018-05-23 00:00	277.467	279.658	273.987	279.038	390
2018-05-24 00:00	278.387	281.037	274.967	277.747	390
2018-05-25 00:00	277.568	279.587	275.567	278.838	390
2018-05-29 00:00	276.787	286.378	276.168	283.477	390
2018-05-30 00:00	282.007	294.928	281.537	291.717	390
2018-05-31 00:00	287.248	290.228	282.927	284.718	390
2018-06-01 00:00	285.787	291.898	283.788	291.668	390
2018-06-04 00:00	294.288	298.927	293.507	296.687	390
2018-06-05 00:00	296.988	297.697	286.717	291.118	390
2018-06-06 00:00	300.498	321.988	297.438	319.407	390
2018-06-07 00:00	315.987	329.968	313.557	315.958	390
2018-06-08 00:00	318.588	324.368	317.097	317.718	390
2018-06-11 00:00	322.487	334.647	322.477	331.988	390
2018-06-12 00:00	344.698	354.927	337.987	342.698	390
2018-06-13 00:00	346.057	347.048	339.787	344.768	390
2018-06-14 00:00	347.087	358.687	346.487	357.608	390
2018-06-15 00:00	353.998	364.618	351.088	357.937	390
2018-06-18 00:00	355.047	373.557	354.387	370.768	390
2018-06-19 00:00	365.167	369.898	346.347	352.538	390
2018-06-20 00:00	358.318	364.358	351.987	361.768	388
2018-06-21 00:00	360.988	365.938	346.237	347.437	390
2018-06-22 00:00	351.047	352.038	331.987	333.518	390
2018-06-25 00:00	330.217	338.068	327.487	332.998	390
2018-06-26 00:00	335.497	343.447	325.787	341.988	390
2018-06-27 00:00	344.787	350.658	339.568	342.988	390
2018-06-28 00:00	348.038	356.888	346.097	349.958	390
2018-06-29 00:00	353.167	353.438	342.398	342.822	391
2018-07-02 00:00	360.038	364.658	330.000	334.997	390
2018-07-03 00:00	330.988	332.348	309.677	310.828	210
2018-07-05 00:00	312.488	314.318	296.268	309.028	390
2018-07-06 00:00	304.237	312.027	301.978	308.887	390
2018-07-09 00:00	311.688	318.488	307.987	318.407	390
2018-07-10 00:00	324.488	327.548	319.177	322.438	390
2018-07-11 00:00	315.038	321.807	315.037	318.937	390
2018-07-12 00:00	321.048	323.067	312.687	316.738	390
2018-07-13 00:00	315.557	319.548	309.237	318.788	390
2018-07-16 00:00	311.587	314.868	306.278	310.077	390
2018-07-17 00:00	307.888	324.667	307.888	322.717	390
2018-07-18 00:00	324.978	325.428	316.277	323.988	390
2018-07-19 00:00	316.287	323.488	313.997	320.218	390
2018-07-20 00:00	321.038	323.140	311.687	313.557	390
2018-07-23 00:00	301.698	305.387	292.828	303.097	391
2018-07-24 00:00	303.968	307.567	292.517	297.397	392
2018-07-25 00:00	295.367	309.398	294.477	308.698	391
2018-07-26 00:00	305.238	310.528	303.607	306.307	390
2018-07-27 00:00	306.647	307.598	295.277	297.168	390
2018-07-30 00:00	295.977	295.987	286.097	290.028	391
2018-07-31 00:00	292.248	298.117	289.017	298.068	390
2018-08-01 00:00	295.128	302.958	292.978	301.007	390
2018-08-02 00:00	328.388	349.938	323.037	349.415	390
2018-08-03 00:00	347.787	354.898	342.497	348.137	390
2018-08-06 00:00	344.987	354.917	341.807	341.967	390
2018-08-07 00:00	343.507	387.188	339.117	379.537	316
2018-08-08 00:00	368.787	382.498	367.047	370.248	408
2018-08-09 00:00	365.638	366.735	345.708	352.237	392
2018-08-10 00:00	353.987	359.778	345.987	354.508	386
2018-08-13 00:00	360.378	362.977	348.987	355.857	390
2018-08-14 00:00	357.297	358.948	347.107	347.588	390
2018-08-15 00:00	341.657	344.345	332.157	338.528	390
2018-08-16 00:00	339.438	342.227	333.757	335.417	390
2018-08-17 00:00	322.548	326.498	303.517	305.487	403
2018-08-20 00:00	291.598	308.428	288.187	308.378	393
2018-08-21 00:00	310.567	324.648	308.977	321.817	399
2018-08-22 00:00	320.738	323.718	314.628	321.518	390
2018-08-23 00:00	318.587	327.167	318.157	320.067	390
2018-08-24 00:00	320.287	323.698	319.178	322.787	390
2018-08-27 00:00	317.987	322.247	308.777	319.278	393
2018-08-28 00:00	318.248	318.662	311.167	311.837	390
2018-08-29 00:00	310.018	311.717	303.648	304.817	390
2018-08-30 00:00	302.247	304.508	297.667	303.098	390
2018-08-31 00:00	301.797	305.208	298.537	301.688	390
2018-09-04 00:00	295.567	297.247	287.978	288.888	359
2018-09-05 00:00	285.087	286.468	277.168	280.617	390
2018-09-06 00:00	284.528	290.978	278.867	280.938	390
2018-09-07 00:00	260.117	268.268	252.227	263.207	416
2018-09-10 00:00	272.997	285.927	270.987	285.428	389
2018-09-11 00:00	278.988	281.877	273.548	279.417	390
2018-09-12 00:00	280.988	292.458	278.637	290.418	390
2018-09-13 00:00	287.787	294.817	285.148	289.387	390
2018-09-14 00:00	288.538	297.145	286.487	295.097	390
2018-09-17 00:00	289.007	300.837	288.117	294.807	390
2018-09-18 00:00	296.287	302.488	275.488	284.757	390
2018-09-19 00:00	280.488	299.967	280.477	298.738	390
2018-09-20 00:00	303.537	305.795	293.317	298.337	390
2018-09-21 00:00	297.638	300.472	295.347	298.997	390
2018-09-24 00:00	297.408	302.817	293.608	299.548	390
2018-09-25 00:00	299.887	304.318	296.447	300.938	390
2018-09-26 00:00	301.418	313.827	300.997	309.518	390
2018-09-27 00:00	312.937	314.867	306.908	307.418	390
2018-09-28 00:00	270.287	277.857	260.528	264.497	390
2018-10-01 00:00	305.387	311.417	300.998	310.308	390
2018-10-02 00:00	313.887	316.568	299.118	300.838	390
2018-10-03 00:00	303.307	304.418	291.557	294.767	390
2018-10-04 00:00	293.557	293.817	277.617	281.797	390
2018-10-05 00:00	274.118	274.748	259.987	261.897	390
2018-10-08 00:00	264.087	267.688	248.987	250.518	390
2018-10-09 00:00	254.997	266.698	253.297	262.738	390
2018-10-10 00:00	264.197	265.188	247.787	256.717	390
2018-10-11 00:00	257.488	262.007	248.997	252.208	390
2018-10-12 00:00	260.888	261.857	251.997	258.877	390
2018-10-15 00:00	258.892	263.088	254.507	259.518	390
2018-10-16 00:00	264.487	277.358	262.207	276.417	390
2018-10-17 00:00	282.407	282.408	265.788	271.687	390
2018-10-18 00:00	269.077	270.478	262.987	263.848	390
2018-10-19 00:00	267.278	269.525	253.487	260.017	390
2018-10-22 00:00	260.488	261.708	252.578	260.928	390
2018-10-23 00:00	263.647	294.518	262.087	294.197	390
2018-10-24 00:00	300.788	304.197	285.708	288.687	390
2018-10-25 00:00	317.337	320.780	301.037	314.768	390
2018-10-26 00:00	308.117	339.818	306.638	330.552	390
2018-10-29 00:00	336.917	346.937	326.488	336.758	390
2018-10-30 00:00	327.087	337.547	322.248	329.828	390
2018-10-31 00:00	331.728	341.908	329.037	337.267	390
2018-11-01 00:00	338.247	347.698	334.647	344.147	390
2018-11-02 00:00	342.767	349.168	340.877	346.348	390
2018-11-05 00:00	340.088	343.797	330.117	341.218	390
2018-11-06 00:00	339.088	348.737	336.077	341.078	390
2018-11-07 00:00	342.688	351.027	340.757	347.947	390
2018-11-08 00:00	348.988	357.517	348.427	351.287	390
2018-11-09 00:00	348.737	353.817	345.208	350.497	390
2018-11-12 00:00	348.348	349.607	330.327	331.138	390
2018-11-13 00:00	332.987	344.438	332.238	338.587	390
2018-11-14 00:00	343.037	346.997	337.137	343.997	390
2018-11-15 00:00	342.038	348.518	338.997	348.358	390
2018-11-16 00:00	345.188	355.608	345.097	354.448	390
2018-11-19 00:00	356.008	366.638	352.857	353.468	390
2018-11-20 00:00	341.488	349.568	333.537	347.387	390
2018-11-21 00:00	352.068	352.858	337.327	338.157	390
2018-11-23 00:00	333.988	337.237	325.537	325.758	210
2018-11-26 00:00	324.747	346.178	324.747	345.928	390
2018-11-27 00:00	339.588	346.877	335.488	343.897	390
2018-11-28 00:00	345.877	348.077	342.177	347.767	390
2018-11-29 00:00	346.857	347.448	339.487	341.028	390
2018-11-30 00:00	341.478	351.518	338.238	350.318	390
2018-12-03 00:00	360.388	365.887	351.997	358.477	390
2018-12-04 00:00	356.037	368.581	351.987	359.488	390
2018-12-06 00:00	355.537	367.357	350.757	362.877	390
2018-12-07 00:00	369.037	379.388	357.660	357.858	390
2018-12-10 00:00	359.837	365.938	353.197	365.127	372
2018-12-11 00:00	369.358	371.978	360.158	366.367	390
2018-12-12 00:00	369.185	371.797	365.187	366.347	390
2018-12-13 00:00	370.138	377.318	366.787	376.798	390
2018-12-14 00:00	374.957	377.817	364.287	365.488	390
2018-12-17 00:00	361.987	365.327	343.828	348.277	390
2018-12-18 00:00	350.398	351.258	333.698	336.817	390
2018-12-19 00:00	337.407	346.978	329.677	332.688	390
2018-12-20 00:00	327.027	330.178	311.928	315.078	390
2018-12-21 00:00	317.212	323.138	312.347	319.938	390
2018-12-24 00:00	313.488	314.018	295.197	295.448	210
2018-12-26 00:00	300.187	326.940	294.097	325.888	390
2018-12-27 00:00	318.998	321.988	301.527	316.038	390
2018-12-28 00:00	323.228	336.107	318.387	333.858	390
2018-12-31 00:00	337.387	339.198	325.247	332.868	390
2019-01-02 00:00	306.048	314.918	298.787	310.067	390
2019-01-03 00:00	306.877	309.038	297.367	300.338	390
2019-01-04 00:00	305.687	317.928	302.557	317.667	390
2019-01-07 00:00	321.308	336.667	317.777	334.797	390
2019-01-08 00:00	341.887	343.917	326.997	335.278	390
2019-01-09 00:00	335.488	343.437	331.497	338.347	390
2019-01-10 00:00	333.888	345.338	331.777	344.887	390
2019-01-11 00:00	341.887	348.337	338.777	347.208	390
2019-01-14 00:00	342.487	342.487	334.037	334.388	390
2019-01-15 00:00	334.987	348.758	334.487	344.198	390
2019-01-16 00:00	344.832	351.907	343.237	345.857	389
2019-01-17 00:00	346.137	351.467	344.157	347.298	390
2019-01-18 00:00	322.868	326.937	299.717	302.177	390
2019-01-22 00:00	303.388	307.787	295.487	298.797	390
2019-01-23 00:00	292.457	294.338	281.758	287.457	390
2019-01-24 00:00	282.987	293.528	279.358	291.587	390
2019-01-25 00:00	295.027	298.458	289.497	296.908	380
2019-01-28 00:00	291.348	297.437	287.698	296.278	388
2019-01-29 00:00	295.227	298.280	291.767	297.447	390
2019-01-30 00:00	299.988	308.968	298.427	308.748	390
2019-01-31 00:00	300.498	311.477	293.997	306.738	390
2019-02-01 00:00	305.287	316.065	303.407	312.178	390
2019-02-04 00:00	312.387	315.248	301.868	312.637	390
2019-02-05 00:00	312.457	322.337	312.087	321.237	390
2019-02-06 00:00	319.098	324.097	315.587	317.197	390
2019-02-07 00:00	312.798	314.537	302.917	307.588	390
2019-02-08 00:00	306.238	307.068	298.467	305.647	390
2019-02-11 00:00	311.537	318.508	310.487	312.777	390
2019-02-12 00:00	316.098	318.028	309.577	311.727	390
2019-02-13 00:00	311.998	312.647	305.568	308.047	390
2019-02-14 00:00	303.352	306.658	300.987	303.807	390
2019-02-15 00:00	304.237	307.947	303.887	307.787	390
2019-02-19 00:00	306.425	311.458	305.457	305.597	390
2019-02-20 00:00	304.287	306.218	298.977	302.438	390
2019-02-21 00:00	301.787	303.018	290.477	291.157	396
2019-02-22 00:00	293.998	296.408	292.137	294.617	390
2019-02-25 00:00	297.587	302.817	296.997	298.548	390
2019-02-26 00:00	291.487	301.938	288.828	297.688	390
2019-02-27 00:00	301.687	316.258	300.527	314.788	390
2019-02-28 00:00	318.908	319.978	310.797	319.827	390
2019-03-01 00:00	306.688	306.887	291.918	294.588	390
2019-03-04 00:00	297.827	298.627	282.767	285.168	391
2019-03-05 00:00	281.888	283.967	270.088	276.598	390
2019-03-06 00:00	276.088	281.328	274.297	276.127	390
2019-03-07 00:00	278.707	284.567	274.237	276.568	390
2019-03-08 00:00	276.267	285.418	275.877	284.098	390
2019-03-11 00:00	287.297	291.237	287.297	290.818	230
2019-03-12 00:00	286.457	287.808	281.047	283.337	390
2019-03-13 00:00	283.587	291.915	282.687	288.887	390
2019-03-14 00:00	292.238	295.258	288.267	289.907	390
2019-03-15 00:00	283.690	283.708	274.378	275.498	390
2019-03-18 00:00	275.647	277.967	267.297	269.538	390
2019-03-19 00:00	266.987	273.147	263.437	267.307	390
2019-03-20 00:00	269.488	274.898	266.317	273.488	390
2019-03-21 00:00	271.987	276.397	268.387	274.007	390
2019-03-22 00:00	272.367	272.652	263.987	264.517	390
2019-03-25 00:00	259.627	262.988	254.447	260.397	390
2019-03-26 00:00	263.988	270.137	263.988	267.697	390
2019-03-27 00:00	268.238	275.287	268.208	274.837	390
2019-03-28 00:00	277.137	280.178	275.067	278.498	390
2019-03-29 00:00	278.488	280.117	274.487	279.767	390
2019-04-01 00:00	282.598	289.138	281.287	289.127	390
2019-04-02 00:00	288.278	289.402	283.867	285.767	390
2019-04-03 00:00	287.028	296.077	287.028	291.747	390
2019-04-04 00:00	261.288	271.138	260.577	267.728	390
2019-04-05 00:00	269.787	275.887	266.101	274.938	390
2019-04-08 00:00	277.547	281.108	270.487	273.057	390
2019-04-09 00:00	271.338	274.877	269.647	272.287	390
2019-04-10 00:00	276.657	278.217	272.867	276.037	390
2019-04-11 00:00	268.138	270.357	265.587	268.408	390
2019-04-12 00:00	269.977	271.847	266.807	267.708	390
2019-04-15 00:00	268.488	268.787	258.617	266.288	390
2019-04-16 00:00	265.737	274.957	264.707	273.288	390
2019-04-17 00:00	274.547	274.708	268.518	271.088	390
2019-04-18 00:00	270.987	274.808	269.717	273.168	390
2019-04-22 00:00	268.508	269.438	262.467	262.867	390
2019-04-23 00:00	260.000	265.518	255.737	263.788	390
2019-04-24 00:00	263.388	265.188	257.987	258.737	390
2019-04-25 00:00	254.888	258.798	246.067	247.577	390
2019-04-26 00:00	246.278	246.518	231.118	234.887	390
2019-04-29 00:00	235.488	243.908	232.167	241.357	399
2019-04-30 00:00	241.807	244.077	236.998	238.677	390
2019-05-01 00:00	238.787	239.871	231.487	233.928	392
2019-05-02 00:00	245.478	247.095	237.678	243.978	414
2019-05-03 00:00	243.838	256.568	243.468	255.007	431
2019-05-06 00:00	250.008	258.246	248.477	255.287	390
2019-05-07 00:00	256.067	257.038	245.082	247.037	390
2019-05-08 00:00	245.738	250.428	244.128	244.747	390
2019-05-09 00:00	241.928	243.598	236.948	241.918	390
2019-05-10 00:00	239.687	241.847	236.007	239.498	390
2019-05-13 00:00	231.887	232.278	224.477	226.998	390
2019-05-14 00:00	229.277	234.438	227.987	232.108	390
2019-05-15 00:00	229.238	232.371	225.227	231.907	390
2019-05-16 00:00	229.198	230.878	226.488	228.157	390
2019-05-17 00:00	222.158	222.228	210.947	211.017	391
2019-05-20 00:00	202.788	205.897	195.197	205.237	391
2019-05-21 00:00	197.737	207.328	196.027	204.958	390
2019-05-22 00:00	199.077	203.867	191.757	192.627	390
2019-05-23 00:00	193.828	199.248	186.198	195.457	391
2019-05-24 00:00	199.957	199.957	188.737	190.637	390
2019-05-28 00:00	191.017	194.978	187.827	188.718	390
2019-05-29 00:00	187.238	192.228	185.027	189.817	390
2019-05-30 00:00	188.728	192.187	187.007	188.168	391
2019-05-31 00:00	185.088	189.857	184.088	185.358	390
2019-06-03 00:00	185.308	186.478	176.987	178.897	390
2019-06-04 00:00	180.987	193.898	179.598	193.898	390
2019-06-05 00:00	198.587	201.171	191.818	196.668	390
2019-06-06 00:00	204.037	210.978	201.787	205.907	391
2019-06-07 00:00	204.488	210.758	203.477	204.378	390
2019-06-10 00:00	210.097	216.797	208.997	212.777	390
2019-06-11 00:00	219.158	220.808	213.487	217.007	390
2019-06-12 00:00	222.927	223.218	208.987	209.178	390
2019-06-13 00:00	209.987	214.738	207.487	213.807	390
2019-06-14 00:00	210.668	216.568	210.307	214.758	390
2019-06-17 00:00	214.407	226.908	214.238	224.867	397
2019-06-18 00:00	228.707	234.598	223.247	224.698	391
2019-06-19 00:00	224.988	227.657	221.047	226.318	390
2019-06-20 00:00	222.588	226.658	216.327	219.578	390
2019-06-21 00:00	216.168	222.117	215.437	221.807	390
2019-06-24 00:00	222.988	225.717	221.007	223.548	390
2019-06-25 00:00	223.938	225.198	219.487	219.637	390
2019-06-26 00:00	220.287	227.068	218.077	219.168	390
2019-06-27 00:00	219.038	222.848	217.297	222.798	390
2019-06-28 00:00	220.968	225.117	220.787	223.337	390
2019-07-01 00:00	230.038	233.017	226.268	226.958	390
2019-07-02 00:00	228.958	229.058	222.227	224.507	390
2019-07-03 00:00	239.217	241.548	233.987	233.998	330
2019-07-05 00:00	233.888	235.337	230.787	233.087	390
2019-07-08 00:00	230.998	232.197	228.587	230.337	390
2019-07-09 00:00	228.787	230.908	227.267	229.998	390
2019-07-10 00:00	234.218	238.878	233.137	238.867	390
2019-07-11 00:00	238.107	241.408	235.797	238.577	390
2019-07-12 00:00	239.088	245.328	239.088	245.048	390
2019-07-15 00:00	248.007	254.357	244.817	253.468	390
2019-07-16 00:00	249.018	253.471	247.907	252.308	390
2019-07-17 00:00	255.658	258.257	253.317	254.807	390
2019-07-18 00:00	255.088	255.607	251.877	253.537	390
2019-07-19 00:00	255.598	259.928	254.597	258.047	390
2019-07-22 00:00	258.678	262.128	254.157	255.638	390
2019-07-23 00:00	256.805	260.428	254.477	260.007	390
2019-07-24 00:00	258.638	266.027	258.137	264.937	390
2019-07-25 00:00	232.538	234.405	225.537	228.798	390
2019-07-26 00:00	226.918	230.198	222.237	227.958	390
2019-07-29 00:00	227.088	235.908	226.018	235.757	390
2019-07-30 00:00	232.738	243.298	232.147	242.228	390
2019-07-31 00:00	243.008	246.587	236.598	241.757	390
2019-08-01 00:00	242.008	244.485	231.748	233.768	390
2019-08-02 00:00	231.188	236.168	229.277	234.178	390
2019-08-05 00:00	229.158	231.247	225.747	228.317	390
2019-08-06 00:00	231.858	232.387	225.737	230.498	390
2019-08-07 00:00	226.497	233.538	225.797	233.308	390
2019-08-08 00:00	234.552	239.728	232.747	238.138	390
2019-08-09 00:00	235.988	238.868	233.827	235.037	390
2019-08-12 00:00	232.988	235.638	228.737	228.998	390
2019-08-13 00:00	228.668	235.908	227.488	234.951	390
2019-08-14 00:00	231.088	231.448	219.437	219.658	390
2019-08-15 00:00	220.738	221.288	211.497	215.508	390
2019-08-16 00:00	216.438	222.178	216.088	219.828	390
2019-08-19 00:00	224.098	227.818	221.598	226.668	390
2019-08-20 00:00	227.598	228.977	224.517	225.776	390
2019-08-21 00:00	221.988	223.048	217.588	220.745	390
2019-08-22 00:00	222.857	225.327	218.207	222.038	390
2019-08-23 00:00	219.437	221.107	210.987	211.388	390
2019-08-26 00:00	213.267	215.008	211.547	215.008	390
2019-08-27 00:00	215.707	218.748	212.027	214.068	390
2019-08-28 00:00	213.027	217.198	212.297	215.538	390
2019-08-29 00:00	218.987	223.378	217.887	221.627	389
2019-08-30 00:00	229.367	232.407	224.178	225.568	390
2019-09-03 00:00	223.077	228.798	223.037	225.098	390
2019-09-04 00:00	226.297	228.378	219.168	220.638	390
2019-09-05 00:00	221.747	229.767	220.827	229.477	390
2019-09-06 00:00	225.937	229.568	225.117	227.498	390
2019-09-09 00:00	229.697	233.707	229.217	231.657	389
2019-09-10 00:00	229.997	235.428	228.887	235.377	390
2019-09-11 00:00	235.997	248.127	235.997	247.028	390
2019-09-12 00:00	247.697	253.477	244.337	245.857	390
2019-09-13 00:00	246.198	248.368	244.827	245.198	390
2019-09-16 00:00	245.597	247.327	241.148	242.667	390
2019-09-17 00:00	241.968	245.487	240.317	244.698	390
2019-09-18 00:00	247.418	247.498	242.247	243.357	360
2019-09-19 00:00	244.998	247.898	244.837	246.508	390
2019-09-20 00:00	246.497	246.598	238.147	240.578	390
2019-09-23 00:00	239.627	245.137	239.177	241.197	390
2019-09-24 00:00	241.577	241.868	222.617	223.198	390
2019-09-25 00:00	224.497	228.928	218.307	228.638	390
2019-09-26 00:00	230.717	243.237	227.347	242.508	390
2019-09-27 00:00	241.038	248.667	238.708	242.008	390
2019-09-30 00:00	241.238	243.868	236.017	240.748	390
2019-10-01 00:00	241.438	245.917	239.127	244.388	390
2019-10-02 00:00	242.258	244.618	239.397	243.188	390
2019-10-03 00:00	231.058	234.268	224.238	232.548	390
2019-10-04 00:00	230.508	234.598	228.038	231.407	390
2019-10-07 00:00	229.298	238.518	228.377	236.648	390
2019-10-08 00:00	235.527	243.888	233.947	239.907	390
2019-10-09 00:00	239.818	247.248	239.818	244.358	390
2019-10-10 00:00	244.828	249.148	241.578	244.688	390
2019-10-11 00:00	247.048	251.038	246.508	247.768	390
2019-10-14 00:00	247.907	258.468	246.308	255.838	390
2019-10-15 00:00	257.648	259.938	254.137	257.778	390
2019-10-16 00:00	256.498	262.067	256.497	259.667	390
2019-10-17 00:00	261.647	264.708	260.078	261.938	390
2019-10-18 00:00	260.617	262.558	254.927	256.978	390
2019-10-21 00:00	258.248	259.428	249.997	253.377	390
2019-10-22 00:00	253.577	258.098	250.368	254.478	390
2019-10-23 00:00	254.498	256.098	251.347	253.398	390
2019-10-24 00:00	297.998	304.718	288.997	299.378	295
2019-10-25 00:00	295.658	329.918	295.538	328.128	390
2019-10-28 00:00	325.258	340.618	322.447	327.477	390
2019-10-29 00:00	317.777	324.208	314.567	315.998	390
2019-10-30 00:00	312.988	318.718	309.897	314.598	390
2019-10-31 00:00	311.477	318.757	311.477	313.497	388
2019-11-01 00:00	316.268	316.278	309.697	313.208	390
2019-11-04 00:00	314.277	321.828	308.997	317.377	390
2019-11-05 00:00	318.477	323.440	315.997	317.148	390
2019-11-06 00:00	318.047	326.678	314.228	326.578	390
2019-11-07 00:00	328.347	341.278	327.998	335.318	390
2019-11-08 00:00	333.458	337.428	332.058	337.028	390
2019-11-11 00:00	342.608	349.108	340.637	345.087	390
2019-11-12 00:00	346.798	350.298	343.997	349.787	390
2019-11-13 00:00	354.748	356.238	344.758	345.808	390
2019-11-14 00:00	346.018	353.308	342.618	349.377	390
2019-11-15 00:00	348.998	352.768	347.728	352.118	390
2019-11-18 00:00	351.608	353.017	345.757	349.818	390
2019-11-19 00:00	350.598	359.948	347.497	359.518	390
2019-11-20 00:00	359.598	360.937	349.008	352.318	390
2019-11-21 00:00	352.397	360.828	352.397	354.808	390
2019-11-22 00:00	339.808	340.847	329.997	332.918	390
2019-11-25 00:00	343.278	344.458	334.408	336.057	390
2019-11-26 00:00	335.157	335.218	327.078	328.817	390
2019-11-27 00:00	330.588	333.808	328.528	329.998	390
2019-11-29 00:00	331.018	331.107	327.377	329.397	212
2019-12-02 00:00	329.298	336.338	328.218	334.798	390
2019-12-03 00:00	331.938	337.868	331.938	336.028	390
2019-12-04 00:00	337.538	337.738	332.157	332.938	390
2019-12-05 00:00	332.768	334.247	327.198	328.208	390
2019-12-06 00:00	334.597	338.767	334.588	335.757	390
2019-12-09 00:00	336.207	344.408	334.997	338.008	390
2019-12-10 00:00	339.688	350.677	337.998	348.757	390
2019-12-11 00:00	351.508	357.138	348.998	352.348	390
2019-12-12 00:00	354.138	362.548	352.868	359.448	390
2019-12-13 00:00	360.498	365.038	354.607	358.308	390
2019-12-16 00:00	362.498	383.478	362.498	381.448	390
2019-12-17 00:00	378.718	385.408	375.388	378.897	390
2019-12-18 00:00	379.508	395.108	379.508	392.238	390
2019-12-19 00:00	397.207	406.807	396.167	403.897	390
2019-12-20 00:00	410.447	412.867	400.078	405.348	390
2019-12-23 00:00	411.668	421.978	409.997	419.098	390
2019-12-24 00:00	418.218	425.418	412.587	425.097	210
2019-12-26 00:00	427.107	433.418	425.998	430.818	390
2019-12-27 00:00	434.968	434.997	425.998	428.178	390
2019-12-30 00:00	426.698	428.888	407.908	414.568	390
2019-12-31 00:00	404.747	421.168	402.007	417.748	390
2020-01-02 00:00	424.428	430.628	421.658	430.188	332
2020-01-03 00:00	439.998	453.938	436.918	442.617	372
2020-01-06 00:00	440.468	451.517	439.267	451.388	390
2020-01-07 00:00	459.998	471.597	452.008	469.058	390
2020-01-08 00:00	473.517	498.297	467.997	491.847	390
2020-01-09 00:00	497.088	498.637	472.498	481.258	390
2020-01-10 00:00	479.497	484.838	473.517	477.888	390
2020-01-13 00:00	493.198	525.497	490.997	524.748	390
2020-01-14 00:00	544.127	547.198	524.857	536.527	390
2020-01-15 00:00	528.998	537.677	516.697	518.097	390
2020-01-16 00:00	492.997	514.408	491.997	513.308	390
2020-01-17 00:00	507.497	515.358	502.997	510.227	390
2020-01-21 00:00	530.100	548.497	528.057	547.377	390
2020-01-22 00:00	569.998	594.288	558.997	568.617	390
2020-01-23 00:00	563.998	581.667	555.547	571.898	390
2020-01-24 00:00	569.998	573.307	553.497	564.837	390
2020-01-27 00:00	540.468	564.167	539.097	557.387	390
2020-01-28 00:00	567.738	576.518	557.997	566.668	390
2020-01-29 00:00	575.597	589.618	567.077	579.028	390
2020-01-30 00:00	630.048	650.047	617.997	640.698	390
2020-01-31 00:00	637.108	652.927	632.327	650.338	390
2020-02-03 00:00	673.457	785.607	673.457	778.998	389
2020-02-04 00:00	882.008	968.517	832.998	886.998	390
2020-02-05 00:00	822.498	845.198	702.997	733.998	390
2020-02-06 00:00	699.467	795.428	686.677	748.547	390
2020-02-07 00:00	729.998	768.507	729.997	747.827	390
2020-02-10 00:00	798.998	818.738	751.997	768.497	390
2020-02-11 00:00	768.197	783.158	757.997	773.597	390
2020-02-12 00:00	777.497	789.522	762.997	767.098	390
2020-02-13 00:00	741.047	817.537	734.547	803.467	390
2020-02-14 00:00	787.388	812.498	785.498	799.758	390
2020-02-18 00:00	839.997	859.857	832.007	858.407	375
2020-02-19 00:00	922.998	944.377	900.997	916.948	390
2020-02-20 00:00	911.498	911.547	859.517	898.977	390
2020-02-21 00:00	905.388	912.828	880.007	900.618	390
2020-02-24 00:00	837.997	862.358	822.197	830.998	390
2020-02-25 00:00	846.537	856.038	786.597	798.407	390
2020-02-26 00:00	781.998	812.858	775.497	777.998	390
2020-02-27 00:00	729.998	738.777	668.247	678.847	390
2020-02-28 00:00	628.497	689.367	611.198	666.637	390
2020-03-02 00:00	711.977	743.337	685.998	743.037	390
2020-03-03 00:00	804.997	805.378	715.777	745.497	390
2020-03-04 00:00	763.097	765.537	724.497	749.378	390
2020-03-05 00:00	723.658	745.438	718.067	723.447	390
2020-03-06 00:00	689.997	706.838	684.147	702.187	390
2020-03-09 00:00	604.237	661.367	602.948	606.457	376
2020-03-10 00:00	658.497	667.508	607.207	644.497	390
2020-03-11 00:00	637.088	651.338	612.997	632.997	390
2020-03-12 00:00	579.457	594.108	545.997	555.348	376
2020-03-13 00:00	595.058	607.437	501.877	542.998	390
2020-03-16 00:00	467.998	494.238	441.997	444.438	376
2020-03-17 00:00	439.747	471.258	395.997	428.368	390
2020-03-18 00:00	387.998	404.558	350.297	361.208	376
2020-03-19 00:00	374.748	451.748	358.497	424.748	390
2020-03-20 00:00	436.998	476.428	425.497	427.418	390
2020-03-23 00:00	431.837	440.857	410.207	433.098	390
2020-03-24 00:00	477.038	513.477	473.297	503.988	390
2020-03-25 00:00	544.997	556.578	511.097	539.148	390
2020-03-26 00:00	547.877	558.678	511.997	527.437	390
2020-03-27 00:00	505.008	525.728	493.997	514.558	390
2020-03-30 00:00	510.497	516.377	490.997	501.498	390
2020-03-31 00:00	498.998	542.647	496.998	523.548	390
2020-04-01 00:00	503.517	513.668	475.087	480.727	390
2020-04-02 00:00	480.997	493.878	446.197	453.007	390
2020-04-03 00:00	509.148	515.188	468.277	479.138	390
2020-04-06 00:00	508.998	520.228	497.997	515.408	390
2020-04-07 00:00	543.998	564.668	532.337	544.997	390
2020-04-08 00:00	553.198	556.737	532.997	548.317	390
2020-04-09 00:00	561.997	575.118	557.147	572.628	390
2020-04-13 00:00	590.047	651.907	580.157	650.498	390
2020-04-14 00:00	698.017	741.478	692.647	709.367	390
2020-04-15 00:00	742.067	752.998	709.997	729.367	390
2020-04-16 00:00	716.847	759.208	706.568	745.197	390
2020-04-17 00:00	770.998	774.577	747.468	753.187	390
2020-04-20 00:00	731.498	765.407	712.207	745.897	390
2020-04-21 00:00	729.008	752.897	673.397	685.877	375
2020-04-22 00:00	702.997	733.918	688.498	730.597	390
2020-04-23 00:00	728.018	733.797	703.118	704.997	390
2020-04-24 00:00	710.998	730.538	698.178	724.677	390
2020-04-27 00:00	734.998	799.138	734.997	798.048	390
2020-04-28 00:00	794.197	804.488	756.557	768.857	390
2020-04-29 00:00	790.998	802.907	782.997	798.348	390
2020-04-30 00:00	854.997	869.357	763.347	781.177	390
2020-05-01 00:00	754.517	772.018	682.937	700.518	390
2020-05-04 00:00	700.007	761.897	697.497	760.407	390
2020-05-05 00:00	789.627	798.757	762.327	767.288	390
2020-05-06 00:00	776.458	789.767	760.997	779.997	390
2020-05-07 00:00	776.697	795.858	772.347	779.308	390
2020-05-08 00:00	793.322	823.920	786.997	818.988	390
2020-05-11 00:00	790.217	823.967	784.697	810.638	390
2020-05-12 00:00	826.997	842.938	807.787	807.998	390
2020-05-13 00:00	819.467	825.597	763.167	790.008	390
2020-05-14 00:00	776.007	803.037	764.048	803.037	390
2020-05-15 00:00	790.348	804.968	785.997	798.818	390
2020-05-18 00:00	827.337	834.468	803.668	811.858	390
2020-05-19 00:00	814.998	821.958	805.997	807.958	390
2020-05-20 00:00	819.098	825.538	811.618	813.788	390
2020-05-21 00:00	814.598	832.448	795.967	826.997	390
2020-05-22 00:00	822.168	831.648	811.658	816.398	390
2020-05-26 00:00	831.877	834.117	815.608	818.088	390
2020-05-27 00:00	819.688	823.738	784.678	819.188	390
2020-05-28 00:00	812.308	824.528	801.478	805.277	390
2020-05-29 00:00	806.998	834.848	803.997	834.048	390
2020-06-01 00:00	857.498	898.978	854.317	896.038	390
2020-06-02 00:00	894.198	908.557	870.327	880.997	390
2020-06-03 00:00	886.998	897.807	880.008	882.318	390
2020-06-04 00:00	889.467	895.538	858.217	864.237	390
2020-06-05 00:00	878.057	886.288	865.997	885.138	390
2020-06-08 00:00	915.938	949.988	908.997	949.668	390
2020-06-09 00:00	939.747	954.088	923.478	939.998	390
2020-06-10 00:00	991.447	1027.122	982.068	1024.167	390
2020-06-11 00:00	988.998	1018.478	971.788	972.998	390
2020-06-12 00:00	980.698	987.738	912.257	935.068	390
2020-06-15 00:00	917.898	998.548	908.497	990.497	390
2020-06-16 00:00	1010.648	1012.238	962.098	981.427	390
2020-06-17 00:00	986.498	1004.877	982.247	990.077	390
2020-06-18 00:00	1001.997	1018.908	993.998	1001.997	390
2020-06-19 00:00	1011.998	1015.080	991.427	1000.077	390
2020-06-22 00:00	995.997	1008.532	990.008	994.147	390
2020-06-23 00:00	998.298	1011.858	993.997	1000.998	390
2020-06-24 00:00	992.998	1000.428	952.997	960.738	390
2020-06-25 00:00	952.998	985.717	936.997	985.297	390
2020-06-26 00:00	992.178	994.758	954.667	960.038	390
2020-06-29 00:00	967.297	1009.988	948.267	1007.997	390
2020-06-30 00:00	1005.997	1087.187	1003.627	1078.738	390
2020-07-01 00:00	1083.008	1134.997	1080.558	1119.098	390
2020-07-02 00:00	1220.997	1227.092	1185.447	1208.008	390
2020-07-06 00:00	1275.228	1377.588	1265.997	1369.998	390
2020-07-07 00:00	1404.998	1429.018	1336.997	1388.588	390
2020-07-08 00:00	1404.998	1416.617	1311.198	1363.997	390
2020-07-09 00:00	1394.998	1407.468	1351.097	1391.857	390
2020-07-10 00:00	1395.498	1548.608	1375.997	1546.648	390
2020-07-13 00:00	1658.397	1793.118	1470.648	1492.778	390
2020-07-14 00:00	1552.998	1588.477	1430.228	1514.998	390
2020-07-15 00:00	1542.497	1549.458	1456.158	1543.998	390
2020-07-16 00:00	1475.997	1530.808	1465.548	1499.248	390
2020-07-17 00:00	1508.997	1537.268	1489.997	1499.408	390
2020-07-20 00:00	1519.005	1649.678	1487.897	1639.998	390
2020-07-21 00:00	1635.998	1674.328	1556.997	1564.998	390
2020-07-22 00:00	1598.907	1625.747	1561.697	1590.698	390
2020-07-23 00:00	1676.098	1688.697	1480.297	1512.997	390
2020-07-24 00:00	1415.228	1464.307	1365.997	1414.308	390
2020-07-27 00:00	1433.097	1547.488	1412.977	1534.638	390
2020-07-28 00:00	1497.997	1564.297	1474.177	1474.197	390
2020-07-29 00:00	1500.497	1533.638	1486.997	1499.108	390
2020-07-30 00:00	1485.998	1512.797	1470.997	1487.398	390
2020-07-31 00:00	1510.027	1515.958	1420.527	1431.047	390
2020-08-03 00:00	1447.998	1509.298	1443.997	1480.498	390
2020-08-04 00:00	1493.498	1527.055	1461.297	1483.387	390
2020-08-05 00:00	1491.258	1498.667	1467.997	1484.728	390
2020-08-06 00:00	1483.788	1516.998	1477.007	1488.998	390
2020-08-07 00:00	1493.998	1499.498	1414.997	1450.917	390
2020-08-10 00:00	1445.998	1456.457	1385.267	1417.898	390
2020-08-11 00:00	1394.997	1419.317	1364.997	1372.988	390
2020-08-12 00:00	1466.998	1584.658	1434.997	1545.648	390
2020-08-13 00:00	1610.998	1649.838	1567.037	1619.647	390
2020-08-14 00:00	1660.998	1668.357	1626.497	1650.808	390
2020-08-17 00:00	1676.577	1844.998	1672.997	1830.857	390
2020-08-18 00:00	1896.148	1923.458	1844.997	1887.898	390
2020-08-19 00:00	1859.627	1910.578	1840.997	1876.997	390
2020-08-20 00:00	1857.718	2021.340	1855.098	1999.998	390
2020-08-21 00:00	2042.998	2095.527	2025.497	2048.368	313098
2020-08-24 00:00	2123.997	2127.108	1927.457	2010.997	475709
2020-08-25 00:00	1969.997	2026.918	1968.197	2022.998	338590
2020-08-26 00:00	2054.998	2165.598	2052.997	2150.298	450950
2020-08-27 00:00	2179.998	2295.168	2142.557	2235.028	589178
2020-08-28 00:00	2295.117	2318.287	2185.567	2210.987	517091
2020-08-31 00:00	442.998	499.748	440.097	497.998	608021
2020-09-01 00:00	501.997	502.288	470.497	474.748	484236
2020-09-02 00:00	478.748	478.867	405.097	446.998	512437
2020-09-03 00:00	407.097	431.258	401.987	406.968	511314
2020-09-04 00:00	402.498	427.768	371.997	417.547	681235
2020-09-08 00:00	355.507	368.587	329.787	329.788	753703
2020-09-09 00:00	356.597	368.838	341.497	364.548	774820
2020-09-10 00:00	386.217	398.858	360.637	370.437	583665
2020-09-11 00:00	381.878	381.997	360.367	372.407	533760
2020-09-14 00:00	380.097	419.868	373.298	419.497	569270
2020-09-15 00:00	436.258	461.827	430.547	449.408	664746
2020-09-16 00:00	439.577	457.617	435.307	441.518	531188
2020-09-17 00:00	414.998	437.427	407.997	422.317	587730
2020-09-18 00:00	447.798	450.848	428.797	440.497	663969
2020-09-21 00:00	453.008	455.348	406.997	449.178	719307
2020-09-22 00:00	429.268	437.618	417.497	423.498	633728
2020-09-23 00:00	405.057	411.957	375.797	379.907	622461
2020-09-24 00:00	363.547	399.397	351.207	387.307	660671
2020-09-25 00:00	392.997	408.618	391.227	407.168	573203
2020-09-28 00:00	424.598	427.918	415.497	420.958	487133
2020-09-29 00:00	415.718	428.388	411.577	418.798	561182
2020-09-30 00:00	420.998	433.658	420.378	428.817	669904
2020-10-01 00:00	440.747	448.867	434.377	447.747	600585
2020-10-02 00:00	420.997	438.978	414.937	414.997	719559
2020-10-05 00:00	423.027	433.567	419.177	425.187	398645
2020-10-06 00:00	423.608	428.548	406.097	413.667	461530
2020-10-07 00:00	419.507	429.867	413.787	425.127	438905
2020-10-08 00:00	438.297	438.788	425.297	425.918	420426
2020-10-09 00:00	429.998	434.537	426.417	433.857	391926
2020-10-12 00:00	441.715	448.678	438.547	441.498	534104
2020-10-13 00:00	442.798	448.788	436.547	446.257	615204
2020-10-14 00:00	449.598	465.708	447.217	461.218	540043
2020-10-15 00:00	450.175	456.387	442.497	448.787	434233
2020-10-16 00:00	454.117	455.817	438.807	439.538	525158
2020-10-19 00:00	445.847	446.677	428.847	430.828	554084
2020-10-20 00:00	431.597	431.597	419.027	421.748	501491
2020-10-21 00:00	422.848	432.867	421.227	422.258	485934
2020-10-22 00:00	441.827	444.937	424.497	425.827	483684
2020-10-23 00:00	421.498	422.667	407.357	420.408	383299
2020-10-26 00:00	411.367	425.617	409.997	420.247	489232
2020-10-27 00:00	423.598	430.328	420.067	424.218	424442
2020-10-28 00:00	416.298	418.397	405.987	406.108	541295
2020-10-29 00:00	409.448	418.028	406.397	410.617	503414
2020-10-30 00:00	406.797	407.467	379.097	388.008	776240
2020-11-02 00:00	393.067	406.817	392.287	399.997	508481
2020-11-03 00:00	409.697	427.628	406.647	423.717	713670
2020-11-04 00:00	430.308	435.317	416.997	420.567	681969
2020-11-05 00:00	428.060	439.868	423.997	437.808	660070
2020-11-06 00:00	435.998	436.497	424.247	429.727	492340
2020-11-09 00:00	439.597	452.398	420.798	420.968	748480
2020-11-10 00:00	419.997	419.997	395.997	410.138	479101
2020-11-11 00:00	414.087	418.548	410.497	416.827	390728
2020-11-12 00:00	414.998	422.938	409.497	411.988	341077
2020-11-13 00:00	410.267	412.468	401.627	408.358	311369
2020-11-16 00:00	408.567	412.418	404.047	407.858	276987
2020-11-17 00:00	460.157	461.858	432.997	441.507	494916
2020-11-18 00:00	447.998	495.827	443.497	486.287	583604
2020-11-19 00:00	491.497	508.507	487.397	498.728	493701
2020-11-20 00:00	497.597	502.097	489.058	489.388	380835
2020-11-23 00:00	503.607	525.917	501.767	521.507	575371
2020-11-24 00:00	540.157	559.908	526.047	555.577	506841
2020-11-25 00:00	549.957	573.987	545.307	573.827	559304
2020-11-27 00:00	580.998	598.718	578.117	585.488	336384
2020-11-30 00:00	602.097	607.547	554.117	567.348	548681
2020-12-01 00:00	597.448	597.448	571.997	584.908	430185
2020-12-02 00:00	555.987	571.457	541.117	568.577	423698
2020-12-03 00:00	590.028	598.918	582.357	592.997	450431
2020-12-04 00:00	590.897	598.948	585.368	598.907	356187
2020-12-07 00:00	604.598	648.637	603.017	641.797	548980
2020-12-08 00:00	624.898	651.098	618.487	649.747	397268
2020-12-09 00:00	653.197	654.187	587.997	604.028	611088
2020-12-10 00:00	573.498	627.608	566.337	626.887	589508
2020-12-11 00:00	615.307	623.957	596.797	609.768	571813
2020-12-14 00:00	617.998	642.587	610.057	639.497	468386
2020-12-15 00:00	643.137	646.698	623.767	632.738	439240
2020-12-16 00:00	627.998	632.358	604.877	622.407	427137
2020-12-17 00:00	628.292	658.788	619.427	655.108	498200
2020-12-18 00:00	668.357	684.607	628.228	657.608	635443
2020-12-21 00:00	665.637	668.207	646.017	648.318	736156
2020-12-22 00:00	647.197	649.708	614.197	640.087	786349
2020-12-23 00:00	631.998	651.318	622.567	645.707	470363
2020-12-24 00:00	642.948	665.998	640.897	661.898	307866
2020-12-28 00:00	672.288	681.228	660.727	663.598	451552
2020-12-29 00:00	660.798	669.667	654.997	665.568	382729
2020-12-30 00:00	672.027	696.438	668.267	694.637	509000
2020-12-31 00:00	699.598	718.658	691.037	705.217	578845
2021-01-04 00:00	717.497	744.257	717.027	729.607	485903
2021-01-05 00:00	723.497	740.628	719.147	734.527	383138
2021-01-06 00:00	757.698	773.968	748.997	755.757	476548
2021-01-07 00:00	777.978	816.942	775.138	815.767	122553
2021-01-08 00:00	855.998	884.327	838.307	879.997	6919
2021-01-11 00:00	849.467	854.177	803.567	810.948	5833
2021-01-12 00:00	830.217	867.925	827.357	849.218	5312
2021-01-13 00:00	852.498	859.937	831.997	853.908	4271
2021-01-14 00:00	842.998	862.857	838.697	844.008	4479
2021-01-15 00:00	850.998	859.357	818.998	826.328	5261
2021-01-19 00:00	837.587	848.938	832.997	844.117	3998
2021-01-20 00:00	858.597	859.367	837.247	849.998	3970
2021-01-21 00:00	854.627	855.447	841.407	844.687	3800
2021-01-22 00:00	833.998	847.987	828.767	846.777	3951
2021-01-25 00:00	854.998	900.207	838.797	880.408	5027
2021-01-26 00:00	891.377	895.808	871.467	883.027	3807
2021-01-27 00:00	870.998	891.407	858.548	863.738	4634
2021-01-28 00:00	818.997	847.918	800.997	835.337	5792
2021-01-29 00:00	829.998	841.688	780.097	793.127	8383
2021-02-01 00:00	814.008	841.988	795.757	839.568	6556
2021-02-02 00:00	844.507	880.417	842.247	872.107	5255
2021-02-03 00:00	876.998	877.957	852.997	854.678	5211
2021-02-04 00:00	854.758	855.657	833.337	849.978	4390
2021-02-05 00:00	844.298	864.638	838.957	852.178	4867
2021-02-08 00:00	869.157	876.997	854.737	863.148	4708
2021-02-09 00:00	853.297	859.637	841.747	849.247	3004
2021-02-10 00:00	843.028	844.537	800.097	804.957	5642
2021-02-11 00:00	811.398	829.748	801.678	811.227	4896
2021-02-12 00:00	800.757	817.227	785.297	815.917	4874
2021-02-16 00:00	817.998	820.898	792.298	795.988	4757
2021-02-17 00:00	778.497	799.808	762.008	798.148	5467
2021-02-18 00:00	778.997	794.628	776.198	787.148	4912
2021-02-19 00:00	793.728	796.498	777.297	781.298	5194
2021-02-22 00:00	761.997	768.208	710.198	714.547	7582
2021-02-23 00:00	660.997	713.317	619.497	698.268	8635
2021-02-24 00:00	711.048	744.878	694.148	741.218	7345
2021-02-25 00:00	725.098	737.058	670.527	682.218	8889
2021-02-26 00:00	697.627	706.418	659.467	670.998	8376
2021-03-01 00:00	689.498	718.877	685.018	718.057	6621
2021-03-02 00:00	717.998	720.657	684.898	686.108	9066
2021-03-03 00:00	686.798	700.398	651.527	652.218	7780
2021-03-04 00:00	654.997	668.137	599.997	621.437	14874
2021-03-05 00:00	624.998	627.647	539.557	597.437	13711
2021-03-08 00:00	600.742	619.758	558.577	562.718	11493
2021-03-09 00:00	608.077	677.978	595.187	672.987	11429
2021-03-10 00:00	700.247	717.578	655.008	667.977	11246
2021-03-11 00:00	698.218	702.368	676.997	699.127	7647
2021-03-12 00:00	669.747	694.785	665.997	693.818	8197
2021-03-15 00:00	693.797	712.858	683.997	707.297	7224
2021-03-16 00:00	703.188	707.657	670.988	676.628	9715
2021-03-17 00:00	655.098	703.477	650.997	701.257	9554
2021-03-18 00:00	682.347	688.748	651.987	653.098	9426
2021-03-19 00:00	646.308	657.138	624.417	652.307	8363
2021-03-22 00:00	683.998	699.497	668.097	668.098	7686
2021-03-23 00:00	674.998	677.618	657.397	661.997	7735
2021-03-24 00:00	666.658	667.748	629.997	629.997	8790
2021-03-25 00:00	612.627	645.248	608.997	640.197	8206
2021-03-26 00:00	641.067	643.207	599.887	618.378	8513
2021-03-29 00:00	614.997	616.088	595.997	611.098	12610
2021-03-30 00:00	601.598	637.567	590.997	635.418	7606
2021-03-31 00:00	645.997	671.957	640.998	667.817	7923
2021-04-01 00:00	688.437	692.197	659.407	661.007	8051
2021-04-05 00:00	707.688	707.818	684.567	690.588	7500
2021-04-06 00:00	690.132	696.527	681.197	691.397	7046
2021-04-07 00:00	686.998	691.278	668.367	671.028	7070
2021-04-08 00:00	674.998	689.467	671.497	683.078	6024
2021-04-09 00:00	677.987	680.717	669.377	676.627	6763
2021-04-12 00:00	684.548	704.698	682.127	701.547	6965
2021-04-13 00:00	712.547	762.988	710.497	762.077	7032
2021-04-14 00:00	770.478	780.638	727.997	732.627	7933
2021-04-15 00:00	741.497	743.498	721.247	738.867	4497
2021-04-16 00:00	728.257	749.338	724.497	739.298	5809
2021-04-19 00:00	719.418	724.927	691.738	714.537	7471
2021-04-20 00:00	714.417	737.148	710.707	718.507	6978
2021-04-21 00:00	704.348	744.806	697.868	743.737	6543
2021-04-22 00:00	740.716	753.507	717.996	719.347	7402
2021-04-23 00:00	718.526	737.286	715.386	728.986	5500
2021-04-26 00:00	740.746	749.066	732.507	737.697	5912
2021-04-27 00:00	717.756	723.886	703.256	704.607	5626
2021-04-28 00:00	696.497	708.446	693.566	694.347	5738
2021-04-29 00:00	699.196	702.017	668.506	676.916	6712
2021-04-30 00:00	667.286	715.377	666.146	709.546	8133
2021-05-03 00:00	703.076	705.387	680.456	684.787	5945
2021-05-04 00:00	677.826	683.097	657.656	673.636	6618
2021-05-05 00:00	681.226	685.156	667.307	671.066	5325
2021-05-06 00:00	681.027	681.027	649.996	663.496	6129
2021-05-07 00:00	665.777	683.422	660.096	672.037	5371
2021-05-10 00:00	664.707	664.867	627.596	628.997	6376
2021-05-11 00:00	598.277	626.867	595.536	615.496	7687
2021-05-12 00:00	602.197	620.126	586.746	589.786	6129
2021-05-13 00:00	601.626	606.277	559.806	571.636	9429
2021-05-14 00:00	583.267	592.697	570.436	589.516	6198
2021-05-17 00:00	575.316	589.536	561.126	576.676	6515
2021-05-18 00:00	568.226	596.207	563.066	577.397	6192
2021-05-19 00:00	552.116	566.106	546.976	563.147	8979
2021-05-20 00:00	574.496	588.766	571.016	586.477	7648
2021-05-21 00:00	596.122	596.217	579.976	580.757	7487
2021-05-24 00:00	581.097	614.377	573.326	606.657	5676
2021-05-25 00:00	606.956	613.807	595.696	604.657	8009
2021-05-26 00:00	606.876	626.087	601.496	619.127	6394
2021-05-27 00:00	620.056	630.865	616.196	629.797	6738
2021-05-28 00:00	628.246	635.537	622.307	625.587	6849
2021-06-01 00:00	627.347	633.617	620.517	623.666	5703
2021-06-02 00:00	620.107	623.166	599.046	604.647	6848
2021-06-03 00:00	601.026	604.467	571.227	572.647	7658
2021-06-04 00:00	579.596	600.577	577.156	599.226	4878
2021-06-07 00:00	591.097	608.087	582.776	604.806	4602
2021-06-08 00:00	622.536	622.886	595.496	603.197	4729
2021-06-09 00:00	602.007	611.606	597.547	598.677	3862
2021-06-10 00:00	603.587	616.436	600.496	609.957	4006
2021-06-11 00:00	610.087	612.486	601.506	609.626	3820
2021-06-14 00:00	612.076	625.037	609.016	617.226	4269
2021-06-15 00:00	616.236	616.716	598.226	599.196	4829
2021-06-16 00:00	596.856	608.396	593.496	604.526	4567
2021-06-17 00:00	601.507	621.367	601.246	616.147	5000
2021-06-18 00:00	613.247	628.296	611.686	623.066	4779
2021-06-21 00:00	624.056	631.316	608.886	620.697	4466
2021-06-22 00:00	618.257	628.526	615.226	623.417	3813
2021-06-23 00:00	631.556	657.096	630.006	656.297	4783
2021-06-24 00:00	674.437	697.536	667.296	678.896	6290
2021-06-25 00:00	688.997	693.557	668.667	671.547	5158
2021-06-28 00:00	671.497	694.586	670.196	688.077	3964
2021-06-29 00:00	684.196	687.166	675.767	680.547	3205
2021-06-30 00:00	679.367	692.697	678.096	679.407	3481
2021-07-01 00:00	683.547	687.887	672.687	677.506	3951
2021-07-02 00:00	678.786	699.936	672.996	678.735	4850
2021-07-06 00:00	681.756	683.597	651.266	659.206	4898
2021-07-07 00:00	664.225	665.427	638.246	644.606	4812
2021-07-08 00:00	628.326	654.247	620.296	652.877	4435
2021-07-09 00:00	653.146	658.787	647.046	656.636	3464
2021-07-12 00:00	662.307	687.156	661.996	685.267	4522
2021-07-13 00:00	686.147	693.057	666.197	668.507	3854
2021-07-14 00:00	670.397	678.476	652.736	653.077	3313
2021-07-15 00:00	657.786	666.022	637.746	650.517	3547
2021-07-16 00:00	652.937	656.406	642.177	644.097	3272
2021-07-19 00:00	628.887	646.937	621.196	646.247	5787
2021-07-20 00:00	651.637	662.316	640.396	660.547	3098
2021-07-21 00:00	658.847	664.707	650.126	654.866	3917
2021-07-22 00:00	656.497	661.976	644.576	648.996	2719
2021-07-23 00:00	645.996	648.727	637.276	643.146	2955
2021-07-26 00:00	649.767	667.956	646.996	657.697	4600
2021-07-27 00:00	663.316	666.257	627.006	644.577	4935
2021-07-28 00:00	645.867	654.796	639.046	646.617	3297
2021-07-29 00:00	649.747	683.567	648.246	677.187	5267
2021-07-30 00:00	671.726	697.397	668.196	687.557	4947
2021-08-02 00:00	699.666	726.817	698.356	709.497	7392
2021-08-03 00:00	718.647	722.406	700.996	709.527	4567
2021-08-04 00:00	711.196	724.766	708.756	710.516	4091
2021-08-05 00:00	715.627	720.867	711.296	714.466	4063
2021-08-06 00:00	711.497	716.156	697.616	698.657	4524
2021-08-09 00:00	709.997	718.936	704.996	713.496	3871
2021-08-10 00:00	713.106	716.346	701.857	709.656	3572
2021-08-11 00:00	712.426	714.707	704.097	707.447	3971
2021-08-12 00:00	704.997	722.596	698.997	721.907	3647
2021-08-13 00:00	723.556	729.736	714.487	717.136	3652
2021-08-16 00:00	705.127	709.416	678.006	685.817	3974
2021-08-17 00:00	672.636	674.436	648.876	665.817	4300
2021-08-18 00:00	669.816	695.667	669.227	689.126	5741
2021-08-19 00:00	677.786	686.406	667.416	673.236	5334
2021-08-20 00:00	682.147	691.966	673.626	679.907	4104
2021-08-23 00:00	684.997	712.037	680.256	706.046	4776
2021-08-24 00:00	710.787	715.076	701.996	708.307	3108
2021-08-25 00:00	706.737	716.866	703.946	710.706	4095
2021-08-26 00:00	708.116	715.277	697.586	701.047	3255
2021-08-27 00:00	705.397	714.927	702.096	711.697	4293
2021-08-30 00:00	714.496	730.907	712.496	730.736	4115
2021-08-31 00:00	732.497	740.227	726.496	735.276	4424
2021-09-01 00:00	733.847	741.817	731.106	733.777	4567
2021-09-02 00:00	734.046	740.647	730.497	732.166	3722
2021-09-03 00:00	731.457	733.967	724.096	733.606	4562
2021-09-07 00:00	739.636	760.116	738.997	752.747	6020
2021-09-08 00:00	761.306	764.306	740.836	753.586	5858
2021-09-09 00:00	750.996	762.066	750.996	754.656	4466
2021-09-10 00:00	758.996	762.327	734.486	735.866	3797
2021-09-13 00:00	740.187	744.727	708.297	742.766	5225
2021-09-14 00:00	741.996	754.337	736.366	744.526	5676
2021-09-15 00:00	745.107	756.787	738.416	755.526	4986
2021-09-16 00:00	751.526	758.867	747.496	756.397	3373
2021-09-17 00:00	755.496	760.785	750.056	759.777	3943
2021-09-20 00:00	734.007	741.656	718.566	730.256	3985
2021-09-21 00:00	734.047	744.606	730.046	739.037	5166
2021-09-22 00:00	742.997	753.607	739.216	751.727	5055
2021-09-23 00:00	754.997	757.526	747.766	753.567	3190
2021-09-24 00:00	744.856	774.767	744.496	774.356	4295
2021-09-27 00:00	772.646	798.976	769.176	790.876	4702
2021-09-28 00:00	787.096	795.526	766.216	777.546	4812
2021-09-29 00:00	779.727	793.437	770.556	780.916	4137
2021-09-30 00:00	780.386	789.027	774.616	774.617	3989
2021-10-01 00:00	778.347	780.556	763.377	774.796	3943
2021-10-04 00:00	795.996	806.866	775.996	781.257	5248
2021-10-05 00:00	784.247	797.196	774.096	780.247	3773
2021-10-06 00:00	775.376	786.507	772.996	782.416	3757
2021-10-07 00:00	784.976	804.976	782.997	793.537	3809
2021-10-08 00:00	796.247	796.247	781.697	784.897	4299
2021-10-11 00:00	786.497	801.106	785.496	791.657	3395
2021-10-12 00:00	800.116	812.246	796.606	805.627	3950
2021-10-13 00:00	809.966	815.376	805.716	811.176	3230
2021-10-14 00:00	814.997	820.157	812.996	817.686	2837
2021-10-15 00:00	822.667	843.166	822.146	843.026	3752
2021-10-18 00:00	851.330	874.946	850.046	869.927	3794
2021-10-19 00:00	877.326	877.706	862.496	863.677	3421
2021-10-20 00:00	865.196	869.376	857.236	865.317	3103
2021-10-21 00:00	854.996	899.866	854.996	893.387	4351
2021-10-22 00:00	895.116	909.987	890.796	909.427	4381
2021-10-25 00:00	950.806	1044.472	944.326	1024.296	6982
2021-10-26 00:00	1024.077	1094.807	1000.996	1017.547	7393
2021-10-27 00:00	1038.497	1070.627	1030.266	1037.407	4531
2021-10-28 00:00	1066.997	1080.396	1053.996	1076.417	3685
2021-10-29 00:00	1081.566	1114.917	1072.796	1113.996	4126
2021-11-01 00:00	1144.532	1209.497	1118.646	1208.667	6066
2021-11-02 00:00	1158.387	1208.417	1145.996	1171.106	6227
2021-11-03 00:00	1177.426	1215.187	1152.596	1213.607	5679
2021-11-04 00:00	1233.596	1243.206	1216.796	1229.366	4964
2021-11-05 00:00	1227.686	1239.716	1207.246	1221.236	4402
2021-11-08 00:00	1148.997	1196.766	1132.996	1161.906	3825
2021-11-09 00:00	1173.256	1173.966	1011.666	1023.016	6572
2021-11-10 00:00	1010.007	1077.602	987.256	1067.707	5547
2021-11-11 00:00	1102.467	1103.936	1054.287	1062.787	3695
2021-11-12 00:00	1047.506	1053.897	1019.206	1032.887	4354
2021-11-15 00:00	1017.056	1031.786	978.517	1013.377	4900
2021-11-16 00:00	1002.896	1056.926	1001.367	1053.667	3637
2021-11-17 00:00	1062.516	1119.397	1055.496	1088.997	4679
2021-11-18 00:00	1106.246	1111.746	1075.006	1096.056	3498
2021-11-19 00:00	1098.856	1138.506	1092.646	1136.696	3587
2021-11-22 00:00	1161.997	1201.737	1132.006	1156.526	4292
2021-11-23 00:00	1167.507	1180.067	1062.516	1109.146	4031
2021-11-24 00:00	1080.496	1132.097	1060.996	1114.176	2866
2021-11-26 00:00	1097.976	1108.187	1080.866	1086.557	1558
2021-11-29 00:00	1100.496	1142.527	1100.056	1136.046	2550
2021-11-30 00:00	1143.367	1167.466	1117.996	1145.156	2843
2021-12-01 00:00	1159.996	1172.306	1090.436	1093.407	2904
2021-12-02 00:00	1099.867	1112.547	1056.116	1083.436	3344
2021-12-03 00:00	1083.947	1089.997	1000.196	1014.426	4387
2021-12-06 00:00	1000.537	1021.227	950.396	1008.366	390
2021-12-07 00:00	1043.506	1057.436	1026.536	1051.016	3665
2021-12-08 00:00	1051.997	1072.067	1032.996	1067.577	3839
2021-12-09 00:00	1060.456	1061.896	1001.996	1003.397	2846
2021-12-10 00:00	1008.097	1020.486	982.296	1016.177	3029
2021-12-13 00:00	1000.496	1003.967	951.367	965.666	7230
2021-12-14 00:00	944.127	966.146	929.987	958.086	3994
2021-12-15 00:00	953.177	978.327	928.196	974.816	6145
2021-12-16 00:00	993.706	994.496	922.216	925.506	4257
2021-12-17 00:00	914.487	960.207	908.856	930.996	6168
2021-12-20 00:00	910.376	921.096	893.326	900.026	6715
2021-12-21 00:00	916.196	939.027	885.996	938.566	6304
2021-12-22 00:00	965.856	1015.246	955.996	1008.256	6134
2021-12-23 00:00	1004.617	1072.696	997.116	1067.367	6382
2021-12-27 00:00	1072.617	1116.826	1070.196	1093.456	4475
2021-12-28 00:00	1108.846	1118.596	1077.997	1088.486	3972
2021-12-29 00:00	1098.977	1103.137	1063.996	1084.996	3603
2021-12-30 00:00	1060.966	1095.227	1055.046	1070.266	3687
2021-12-31 00:00	1072.996	1081.546	1054.556	1056.867	3686
2022-01-03 00:00	1147.477	1200.576	1135.996	1199.276	5316
2022-01-04 00:00	1189.127	1207.767	1122.996	1149.107	5001
2022-01-05 00:00	1145.936	1169.897	1081.026	1087.377	5007
2022-01-06 00:00	1074.756	1085.737	1020.097	1063.827	5443
2022-01-07 00:00	1077.996	1080.617	1009.996	1026.456	8549
2022-01-10 00:00	999.987	1058.837	979.777	1057.687	7912
2022-01-11 00:00	1053.456	1075.636	1038.817	1063.907	8032
2022-01-12 00:00	1077.737	1114.657	1072.106	1105.957	7221
2022-01-13 00:00	1108.996	1115.316	1026.306	1031.037	7330
2022-01-14 00:00	1018.326	1051.207	1012.686	1049.867	7438
2022-01-18 00:00	1026.236	1070.427	1016.037	1030.367	6780
2022-01-19 00:00	1041.036	1053.887	994.796	995.057	6192
2022-01-20 00:00	1009.437	1041.497	993.996	995.606	7680
2022-01-21 00:00	995.936	1003.927	940.407	943.107	6776
2022-01-24 00:00	904.136	932.157	851.896	927.457	5167
2022-01-25 00:00	914.137	950.576	902.997	918.676	5503
2022-01-26 00:00	952.207	985.617	905.676	937.506	5289
2022-01-27 00:00	932.146	934.516	828.996	831.417	7536
2022-01-28 00:00	830.996	857.017	794.476	845.496	7341
2022-01-31 00:00	872.147	936.636	861.996	935.397	4585
2022-02-01 00:00	934.996	943.606	905.246	930.766	5662
2022-02-02 00:00	926.996	931.107	889.246	905.136	5603
2022-02-03 00:00	880.866	936.787	880.116	891.277	6086
2022-02-04 00:00	897.086	936.487	881.096	924.446	5927
2022-02-07 00:00	923.407	947.287	902.496	907.006	4921
2022-02-08 00:00	905.587	925.967	894.796	921.087	5613
2022-02-09 00:00	933.397	945.957	921.996	931.237	5646
2022-02-10 00:00	907.497	943.667	895.996	904.417	6125
2022-02-11 00:00	908.576	915.067	850.546	859.086	7482
2022-02-14 00:00	860.997	898.656	853.096	875.367	7065
2022-02-15 00:00	899.276	922.787	892.956	921.836	5916
2022-02-16 00:00	913.697	926.276	901.206	922.786	5759
2022-02-17 00:00	912.086	918.126	873.996	876.197	6047
2022-02-18 00:00	885.547	886.097	837.576	856.147	6938
2022-02-22 00:00	832.996	856.247	801.096	821.117	11355
2022-02-23 00:00	830.177	834.776	760.486	763.737	9649
2022-02-24 00:00	700.366	802.446	699.896	799.996	7771
2022-02-25 00:00	809.156	819.246	782.356	809.446	7230
2022-02-28 00:00	814.017	876.577	814.016	870.137	7564
2022-03-01 00:00	869.497	889.687	853.566	864.206	8516
2022-03-02 00:00	871.466	885.872	844.396	879.657	6596
2022-03-03 00:00	877.997	886.146	832.316	839.026	6669
2022-03-04 00:00	846.996	855.207	825.216	831.346	6622
2022-03-07 00:00	854.986	865.677	803.996	804.536	8068
2022-03-08 00:00	795.406	849.417	781.997	825.047	3893
2022-03-09 00:00	837.126	860.427	831.936	857.766	5810
2022-03-10 00:00	851.146	853.726	810.436	837.657	6260
2022-03-11 00:00	839.997	842.886	793.626	794.496	6817
2022-03-14 00:00	779.957	800.010	755.996	766.267	5644
2022-03-15 00:00	773.997	805.387	756.376	801.406	5957
2022-03-16 00:00	806.996	841.826	802.406	839.876	6281
2022-03-17 00:00	830.297	874.837	825.996	871.147	5839
2022-03-18 00:00	872.906	907.587	867.206	904.656	6016
2022-03-21 00:00	914.456	942.197	907.046	920.456	6138
2022-03-22 00:00	929.496	997.540	921.416	993.507	6962
2022-03-23 00:00	979.157	1040.516	976.026	998.586	7307
2022-03-24 00:00	1009.007	1024.017	988.576	1013.706	6604
2022-03-25 00:00	1007.077	1021.417	997.176	1011.117	6427
2022-03-28 00:00	1063.997	1097.787	1052.996	1091.526	6464
2022-03-29 00:00	1106.806	1114.390	1072.996	1095.897	6275
2022-03-30 00:00	1090.447	1113.770	1083.396	1092.927	5118
2022-03-31 00:00	1093.997	1102.836	1078.246	1080.996	5552
2022-04-01 00:00	1079.996	1094.606	1066.526	1078.887	3918