2018-04-17 00:00	0.256	0.288	0.248	0.252	63290909
2018-04-18 00:00	0.252	0.261	0.240	0.261	31608517
2018-04-19 00:00	0.261	0.275	0.258	0.269	51684984
2018-04-20 00:00	0.269	0.299	0.266	0.297	64899789
2018-04-21 00:00	0.297	0.307	0.265	0.282	98691169
2018-04-22 00:00	0.282	0.297	0.277	0.289	47332434
2018-04-23 00:00	0.289	0.289	0.280	0.286	36255371
2018-04-24 00:00	0.286	0.320	0.286	0.316	85681758
2018-04-25 00:00	0.316	0.317	0.257	0.286	124614275
2018-04-26 00:00	0.286	0.288	0.255	0.285	69061833
2018-04-27 00:00	0.285	0.306	0.281	0.287	71688236
2018-04-28 00:00	0.287	0.365	0.282	0.345	161559385
2018-04-29 00:00	0.345	0.387	0.342	0.364	168731722
2018-04-30 00:00	0.363	0.367	0.333	0.335	91293402
2018-05-01 00:00	0.335	0.360	0.319	0.358	123580035
2018-05-02 00:00	0.358	0.374	0.345	0.369	66488492
2018-05-03 00:00	0.369	0.389	0.364	0.371	86754981
2018-05-04 00:00	0.371	0.372	0.347	0.361	59831848
2018-05-05 00:00	0.361	0.374	0.357	0.364	47685229
2018-05-06 00:00	0.365	0.367	0.335	0.344	63494709
2018-05-07 00:00	0.344	0.347	0.291	0.333	62066136
2018-05-08 00:00	0.333	0.346	0.316	0.326	46719009
2018-05-09 00:00	0.326	0.329	0.298	0.319	60361989
2018-05-10 00:00	0.319	0.322	0.300	0.304	34663572
2018-05-11 00:00	0.304	0.305	0.249	0.254	141398685
2018-05-12 00:00	0.254	0.279	0.234	0.261	144905956
2018-05-13 00:00	0.261	0.285	0.256	0.277	80864868
2018-05-14 00:00	0.277	0.282	0.251	0.269	90119843
2018-05-15 00:00	0.269	0.275	0.255	0.258	48289841
2018-05-16 00:00	0.258	0.260	0.237	0.245	54651923
2018-05-17 00:00	0.245	0.261	0.242	0.242	35914342
2018-05-18 00:00	0.242	0.245	0.230	0.243	47081971
2018-05-19 00:00	0.243	0.248	0.236	0.240	32278584
2018-05-20 00:00	0.240	0.260	0.238	0.255	46137160
2018-05-21 00:00	0.255	0.260	0.243	0.246	43820256
2018-05-22 00:00	0.246	0.248	0.223	0.224	37838664
2018-05-23 00:00	0.224	0.226	0.193	0.207	112173479
2018-05-24 00:00	0.206	0.210	0.189	0.201	79706727
2018-05-25 00:00	0.201	0.210	0.194	0.197	75570611
2018-05-26 00:00	0.198	0.204	0.194	0.199	72336891
2018-05-27 00:00	0.199	0.200	0.190	0.192	72107536
2018-05-28 00:00	0.192	0.194	0.175	0.175	94396880
2018-05-29 00:00	0.175	0.209	0.171	0.205	147092584
2018-05-30 00:00	0.205	0.217	0.197	0.205	169328382
2018-05-31 00:00	0.205	0.229	0.203	0.224	168401128
2018-06-01 00:00	0.224	0.229	0.213	0.215	125950511
2018-06-02 00:00	0.215	0.229	0.215	0.225	113764076
2018-06-03 00:00	0.225	0.237	0.223	0.227	119146886
2018-06-04 00:00	0.227	0.230	0.209	0.215	117499644
2018-06-05 00:00	0.215	0.222	0.202	0.216	125414141
2018-06-06 00:00	0.216	0.219	0.208	0.216	96596707
2018-06-07 00:00	0.216	0.219	0.208	0.210	89548351
2018-06-08 00:00	0.210	0.211	0.200	0.206	88362879
2018-06-09 00:00	0.206	0.210	0.202	0.203	76338037
2018-06-10 00:00	0.203	0.203	0.173	0.174	134617418
2018-06-11 00:00	0.174	0.178	0.164	0.172	93829477
2018-06-12 00:00	0.172	0.181	0.160	0.162	92361731
2018-06-13 00:00	0.162	0.166	0.145	0.154	125037201
2018-06-14 00:00	0.154	0.177	0.153	0.171	200111748
2018-06-15 00:00	0.171	0.174	0.160	0.163	116342139
2018-06-16 00:00	0.163	0.164	0.158	0.162	81172068
2018-06-17 00:00	0.163	0.164	0.160	0.162	82307340
2018-06-18 00:00	0.162	0.168	0.155	0.166	106203758
2018-06-19 00:00	0.165	0.171	0.161	0.164	92551293
2018-06-20 00:00	0.164	0.168	0.157	0.161	102317081
2018-06-21 00:00	0.161	0.164	0.157	0.158	81544101
2018-06-22 00:00	0.158	0.159	0.134	0.137	128954638
2018-06-23 00:00	0.137	0.142	0.133	0.139	88433629
2018-06-24 00:00	0.139	0.140	0.119	0.132	142671809
2018-06-25 00:00	0.131	0.139	0.126	0.136	114367096
2018-06-26 00:00	0.136	0.137	0.128	0.131	59776848
2018-06-27 00:00	0.131	0.131	0.123	0.127	96803542
2018-06-28 00:00	0.127	0.129	0.120	0.121	90681485
2018-06-29 00:00	0.121	0.122	0.114	0.119	118816158
2018-06-30 00:00	0.119	0.138	0.119	0.134	179531249
2018-07-01 00:00	0.134	0.145	0.133	0.142	150219420
2018-07-02 00:00	0.142	0.162	0.138	0.159	186248078
2018-07-03 00:00	0.159	0.161	0.150	0.153	181032894
2018-07-04 00:00	0.152	0.160	0.146	0.155	109939251
2018-07-05 00:00	0.155	0.156	0.143	0.144	127737380
2018-07-06 00:00	0.144	0.148	0.138	0.145	102851586
2018-07-07 00:00	0.145	0.146	0.137	0.138	76082740
2018-07-08 00:00	0.138	0.150	0.138	0.147	101829175
2018-07-09 00:00	0.147	0.148	0.141	0.143	73459317
2018-07-10 00:00	0.143	0.145	0.127	0.131	113224868
2018-07-11 00:00	0.131	0.134	0.125	0.130	103728324
2018-07-12 00:00	0.130	0.131	0.123	0.124	79930523
2018-07-13 00:00	0.124	0.144	0.122	0.140	144344021
2018-07-14 00:00	0.140	0.141	0.133	0.138	128092382
2018-07-15 00:00	0.138	0.146	0.135	0.144	107637465
2018-07-16 00:00	0.144	0.157	0.140	0.156	144604267
2018-07-17 00:00	0.156	0.176	0.150	0.175	203284201
2018-07-18 00:00	0.175	0.197	0.168	0.179	395393469
2018-07-19 00:00	0.179	0.192	0.171	0.181	306802339
2018-07-20 00:00	0.181	0.187	0.160	0.160	256621644
2018-07-21 00:00	0.161	0.170	0.154	0.166	183045603
2018-07-22 00:00	0.166	0.179	0.162	0.168	183548702
2018-07-23 00:00	0.168	0.181	0.165	0.168	201144791
2018-07-24 00:00	0.168	0.179	0.160	0.173	235763919
2018-07-25 00:00	0.173	0.177	0.166	0.173	175862831
2018-07-26 00:00	0.173	0.176	0.163	0.165	138487678
2018-07-27 00:00	0.164	0.169	0.155	0.169	178874148
2018-07-28 00:00	0.169	0.169	0.159	0.162	97260815
2018-07-29 00:00	0.162	0.166	0.160	0.162	85294405
2018-07-30 00:00	0.162	0.164	0.147	0.153	120274460
2018-07-31 00:00	0.153	0.155	0.139	0.142	135816142
2018-08-01 00:00	0.142	0.145	0.135	0.136	121627945
2018-08-02 00:00	0.136	0.141	0.129	0.131	137947091
2018-08-03 00:00	0.131	0.135	0.123	0.131	138862942
2018-08-04 00:00	0.131	0.134	0.124	0.126	103026681
2018-08-05 00:00	0.126	0.131	0.124	0.131	95208077
2018-08-06 00:00	0.131	0.136	0.126	0.127	102692692
2018-08-07 00:00	0.127	0.132	0.123	0.124	115066328
2018-08-08 00:00	0.124	0.125	0.109	0.113	166701090
2018-08-09 00:00	0.113	0.126	0.111	0.125	170162420
2018-08-10 00:00	0.125	0.126	0.112	0.112	156388873
2018-08-11 00:00	0.112	0.116	0.107	0.113	144550727
2018-08-12 00:00	0.113	0.115	0.109	0.112	90955785
2018-08-13 00:00	0.112	0.114	0.103	0.104	111027434
2018-08-14 00:00	0.104	0.104	0.084	0.091	181045979
2018-08-15 00:00	0.091	0.101	0.090	0.097	181381694
2018-08-16 00:00	0.097	0.098	0.091	0.094	129003065
2018-08-17 00:00	0.094	0.108	0.092	0.107	218263002
2018-08-18 00:00	0.107	0.112	0.095	0.100	223036519
2018-08-19 00:00	0.100	0.104	0.096	0.102	131468004
2018-08-20 00:00	0.102	0.103	0.096	0.096	115333753
2018-08-21 00:00	0.096	0.097	0.090	0.094	148848419
2018-08-22 00:00	0.094	0.101	0.088	0.090	176369339
2018-08-23 00:00	0.090	0.092	0.087	0.092	137821432
2018-08-24 00:00	0.092	0.094	0.090	0.094	124050659
2018-08-25 00:00	0.094	0.095	0.092	0.094	124824263
2018-08-26 00:00	0.094	0.095	0.091	0.092	109633849
2018-08-27 00:00	0.092	0.099	0.092	0.097	152002989
2018-08-28 00:00	0.097	0.107	0.097	0.105	222932649
2018-08-29 00:00	0.105	0.109	0.101	0.106	217136027
2018-08-30 00:00	0.106	0.108	0.097	0.100	203848690
2018-08-31 00:00	0.100	0.103	0.099	0.102	151481410
2018-09-01 00:00	0.102	0.110	0.101	0.108	193803380
2018-09-02 00:00	0.108	0.108	0.102	0.104	166695452
2018-09-03 00:00	0.104	0.106	0.102	0.105	108742660
2018-09-04 00:00	0.105	0.107	0.103	0.106	141782389
2018-09-05 00:00	0.106	0.107	0.087	0.091	223591646
2018-09-06 00:00	0.091	0.091	0.081	0.086	191917130
2018-09-07 00:00	0.086	0.089	0.081	0.083	139373499
2018-09-08 00:00	0.083	0.084	0.077	0.078	130549662
2018-09-09 00:00	0.078	0.081	0.074	0.078	150316681
2018-09-10 00:00	0.078	0.079	0.067	0.073	183507386
2018-09-11 00:00	0.073	0.075	0.066	0.070	175305585
2018-09-12 00:00	0.070	0.070	0.061	0.064	276257331
2018-09-13 00:00	0.064	0.072	0.064	0.069	321287147
2018-09-14 00:00	0.069	0.071	0.065	0.069	242638084
2018-09-15 00:00	0.069	0.071	0.067	0.069	156439873
2018-09-16 00:00	0.069	0.070	0.066	0.069	142409707
2018-09-17 00:00	0.069	0.070	0.063	0.064	199098929
2018-09-18 00:00	0.064	0.070	0.062	0.068	237226285
2018-09-19 00:00	0.068	0.074	0.066	0.072	365768925
2018-09-20 00:00	0.072	0.077	0.071	0.077	261345949
2018-09-21 00:00	0.077	0.090	0.076	0.087	606972912
2018-09-22 00:00	0.087	0.089	0.079	0.083	250143368
2018-09-23 00:00	0.083	0.094	0.083	0.089	412488204
2018-09-24 00:00	0.089	0.092	0.082	0.085	309843394
2018-09-25 00:00	0.085	0.085	0.074	0.079	318511635
2018-09-26 00:00	0.079	0.083	0.076	0.079	274809295
2018-09-27 00:00	0.079	0.089	0.078	0.087	341556176
2018-09-28 00:00	0.087	0.089	0.081	0.084	331344464
2018-09-29 00:00	0.084	0.087	0.081	0.085	204341201
2018-09-30 00:00	0.085	0.087	0.083	0.084	189471525
2018-10-01 00:00	0.084	0.087	0.082	0.084	141563351
2018-10-02 00:00	0.084	0.085	0.082	0.083	132639624
2018-10-03 00:00	0.083	0.084	0.078	0.080	147249772
2018-10-04 00:00	0.080	0.083	0.080	0.082	123616006
2018-10-05 00:00	0.082	0.083	0.080	0.083	107699548
2018-10-06 00:00	0.083	0.085	0.081	0.082	121969960
2018-10-07 00:00	0.082	0.084	0.080	0.084	113030015
2018-10-08 00:00	0.084	0.089	0.083	0.087	194566475
2018-10-09 00:00	0.087	0.088	0.085	0.087	137111551
2018-10-10 00:00	0.087	0.087	0.084	0.085	131938031
2018-10-11 00:00	0.085	0.086	0.072	0.075	236949729
2018-10-12 00:00	0.075	0.077	0.069	0.074	184049757
2018-10-13 00:00	0.074	0.075	0.073	0.073	115218458
2018-10-14 00:00	0.073	0.075	0.073	0.073	116747722
2018-10-15 00:00	0.073	0.085	0.070	0.075	309447969
2018-10-16 00:00	0.075	0.079	0.075	0.078	116739645
2018-10-17 00:00	0.078	0.081	0.077	0.080	133739172
2018-10-18 00:00	0.080	0.081	0.075	0.076	127320239
2018-10-19 00:00	0.076	0.078	0.076	0.077	79153132
2018-10-20 00:00	0.077	0.079	0.076	0.078	98789719
2018-10-21 00:00	0.078	0.079	0.077	0.078	95043196
2018-10-22 00:00	0.078	0.078	0.076	0.078	71331748
2018-10-23 00:00	0.078	0.078	0.074	0.076	56091629
2018-10-24 00:00	0.076	0.077	0.075	0.076	41537961
2018-10-25 00:00	0.076	0.076	0.074	0.075	33199526
2018-10-26 00:00	0.075	0.075	0.073	0.075	30336816
2018-10-27 00:00	0.075	0.075	0.073	0.073	24907797
2018-10-28 00:00	0.073	0.074	0.073	0.073	25342835
2018-10-29 00:00	0.073	0.074	0.069	0.070	59518270
2018-10-30 00:00	0.070	0.071	0.070	0.070	28852614
2018-10-31 00:00	0.070	0.072	0.068	0.070	44593740
2018-11-01 00:00	0.070	0.072	0.070	0.072	29339759
2018-11-02 00:00	0.072	0.074	0.071	0.073	40024323
2018-11-03 00:00	0.073	0.074	0.071	0.072	33093936
2018-11-04 00:00	0.072	0.079	0.071	0.077	111480434
2018-11-05 00:00	0.077	0.079	0.075	0.077	65629965
2018-11-06 00:00	0.077	0.081	0.077	0.081	97886949
2018-11-07 00:00	0.081	0.083	0.078	0.080	107205941
2018-11-08 00:00	0.080	0.080	0.076	0.078	90403295
2018-11-09 00:00	0.078	0.078	0.074	0.074	65424712
2018-11-10 00:00	0.074	0.077	0.074	0.076	30091625
2018-11-11 00:00	0.076	0.078	0.075	0.077	50237490
2018-11-12 00:00	0.077	0.078	0.076	0.077	49872247
2018-11-13 00:00	0.077	0.077	0.075	0.075	46609041
2018-11-14 00:00	0.075	0.076	0.062	0.065	151551442
2018-11-15 00:00	0.065	0.067	0.058	0.063	195000668
2018-11-16 00:00	0.063	0.065	0.060	0.061	85952894
2018-11-17 00:00	0.061	0.062	0.060	0.061	64301033
2018-11-18 00:00	0.061	0.064	0.061	0.062	59229966
2018-11-19 00:00	0.062	0.062	0.051	0.052	200791870
2018-11-20 00:00	0.052	0.054	0.043	0.046	363952089
2018-11-21 00:00	0.046	0.050	0.043	0.047	218873495
2018-11-22 00:00	0.047	0.049	0.045	0.046	107131236
2018-11-23 00:00	0.046	0.046	0.042	0.043	141782103
2018-11-24 00:00	0.043	0.045	0.038	0.039	114135968
2018-11-25 00:00	0.039	0.040	0.033	0.039	309033346
2018-11-26 00:00	0.039	0.040	0.035	0.036	278653761
2018-11-27 00:00	0.036	0.037	0.034	0.037	150405604
2018-11-28 00:00	0.037	0.044	0.037	0.041	323286717
2018-11-29 00:00	0.041	0.045	0.040	0.041	256247676
2018-11-30 00:00	0.041	0.043	0.038	0.039	188454086
2018-12-01 00:00	0.039	0.042	0.038	0.042	127866496
2018-12-02 00:00	0.042	0.043	0.041	0.043	139439623
2018-12-03 00:00	0.043	0.043	0.038	0.039	148430697
2018-12-04 00:00	0.039	0.040	0.037	0.037	161525417
2018-12-05 00:00	0.037	0.038	0.034	0.035	237587125
2018-12-06 00:00	0.035	0.036	0.032	0.033	203350305
2018-12-07 00:00	0.033	0.033	0.027	0.029	277495940
2018-12-08 00:00	0.029	0.032	0.028	0.029	170908684
2018-12-09 00:00	0.029	0.032	0.029	0.031	149153839
2018-12-10 00:00	0.031	0.032	0.029	0.030	123017011
2018-12-11 00:00	0.030	0.030	0.029	0.030	97058034
2018-12-12 00:00	0.030	0.031	0.029	0.031	88899724
2018-12-13 00:00	0.031	0.031	0.029	0.029	95435090
2018-12-14 00:00	0.029	0.030	0.028	0.028	75943685
2018-12-15 00:00	0.028	0.029	0.028	0.028	65619863
2018-12-16 00:00	0.028	0.030	0.028	0.029	80950591
2018-12-17 00:00	0.029	0.034	0.029	0.032	186496032
2018-12-18 00:00	0.032	0.034	0.031	0.033	190031666
2018-12-19 00:00	0.033	0.038	0.033	0.034	328537172
2018-12-20 00:00	0.034	0.040	0.033	0.038	318201133
2018-12-21 00:00	0.038	0.045	0.038	0.041	461176101
2018-12-22 00:00	0.041	0.041	0.038	0.041	203740171
2018-12-23 00:00	0.041	0.044	0.040	0.043	237979892
2018-12-24 00:00	0.043	0.049	0.043	0.046	344825311
2018-12-25 00:00	0.046	0.046	0.038	0.041	272650313
2018-12-26 00:00	0.041	0.043	0.038	0.040	183744747
2018-12-27 00:00	0.040	0.041	0.036	0.036	164004064
2018-12-28 00:00	0.036	0.042	0.035	0.041	171706975
2018-12-29 00:00	0.041	0.044	0.040	0.043	215123934
2018-12-30 00:00	0.043	0.043	0.039	0.043	224974922
2018-12-31 00:00	0.042	0.043	0.040	0.040	147407541
2019-01-01 00:00	0.040	0.042	0.040	0.041	105267713
2019-01-02 00:00	0.041	0.044	0.041	0.044	150183559
2019-01-03 00:00	0.044	0.045	0.042	0.042	172477214
2019-01-04 00:00	0.042	0.044	0.042	0.043	97439612
2019-01-05 00:00	0.043	0.045	0.042	0.044	146762470
2019-01-06 00:00	0.044	0.049	0.043	0.048	293280267
2019-01-07 00:00	0.048	0.050	0.047	0.048	268864022
2019-01-08 00:00	0.048	0.050	0.046	0.048	208925791
2019-01-09 00:00	0.048	0.052	0.048	0.051	261007601
2019-01-10 00:00	0.051	0.054	0.041	0.044	458024417
2019-01-11 00:00	0.044	0.044	0.042	0.044	243077916
2019-01-12 00:00	0.044	0.044	0.042	0.043	123853019
2019-01-13 00:00	0.043	0.043	0.039	0.040	150613353
2019-01-14 00:00	0.040	0.044	0.039	0.043	186976483
2019-01-15 00:00	0.043	0.044	0.041	0.041	150675734
2019-01-16 00:00	0.041	0.045	0.041	0.044	192774171
2019-01-17 00:00	0.044	0.046	0.043	0.044	227882229
2019-01-18 00:00	0.044	0.045	0.043	0.044	98189657
2019-01-19 00:00	0.044	0.046	0.043	0.046	95020025
2019-01-20 00:00	0.046	0.046	0.041	0.043	143361845
2019-01-21 00:00	0.043	0.043	0.042	0.042	85483745
2019-01-22 00:00	0.042	0.044	0.041	0.043	128069902
2019-01-23 00:00	0.043	0.044	0.042	0.043	83680790
2019-01-24 00:00	0.043	0.043	0.042	0.043	59226614
2019-01-25 00:00	0.043	0.043	0.042	0.042	44315954
2019-01-26 00:00	0.042	0.043	0.042	0.042	55424970
2019-01-27 00:00	0.042	0.043	0.040	0.041	88045212
2019-01-28 00:00	0.041	0.041	0.037	0.038	180411362
2019-01-29 00:00	0.038	0.040	0.037	0.038	130085900
2019-01-30 00:00	0.038	0.040	0.037	0.039	118941197
2019-01-31 00:00	0.039	0.040	0.038	0.038	98151393
2019-02-01 00:00	0.038	0.039	0.037	0.039	77815177
2019-02-02 00:00	0.039	0.039	0.038	0.039	46055365
2019-02-03 00:00	0.039	0.040	0.038	0.038	69266162
2019-02-04 00:00	0.038	0.039	0.038	0.038	49362877
2019-02-05 00:00	0.038	0.039	0.038	0.038	56968843
2019-02-06 00:00	0.038	0.038	0.036	0.036	98784523
2019-02-07 00:00	0.037	0.037	0.036	0.037	54850926
2019-02-08 00:00	0.037	0.043	0.036	0.040	167853568
2019-02-09 00:00	0.040	0.042	0.040	0.041	124208163
2019-02-10 00:00	0.041	0.042	0.040	0.042	101511644
2019-02-11 00:00	0.042	0.043	0.041	0.042	99301362
2019-02-12 00:00	0.042	0.042	0.041	0.041	81636009
2019-02-13 00:00	0.041	0.042	0.041	0.041	61001946
2019-02-14 00:00	0.041	0.041	0.040	0.041	53101117
2019-02-15 00:00	0.041	0.042	0.040	0.040	53355616
2019-02-16 00:00	0.040	0.041	0.040	0.041	38080347
2019-02-17 00:00	0.041	0.042	0.041	0.041	60219343
2019-02-18 00:00	0.041	0.047	0.041	0.046	229351052
2019-02-19 00:00	0.046	0.049	0.045	0.047	260380378
2019-02-20 00:00	0.047	0.048	0.045	0.047	175018599
2019-02-21 00:00	0.047	0.048	0.044	0.045	145492274
2019-02-22 00:00	0.045	0.046	0.045	0.046	105880079
2019-02-23 00:00	0.046	0.049	0.045	0.049	156880649
2019-02-24 00:00	0.049	0.051	0.041	0.043	315135644
2019-02-25 00:00	0.043	0.044	0.042	0.043	175043997
2019-02-26 00:00	0.043	0.044	0.042	0.043	103480661
2019-02-27 00:00	0.043	0.043	0.041	0.042	92933612
2019-02-28 00:00	0.042	0.044	0.042	0.043	85911299
2019-03-01 00:00	0.043	0.044	0.043	0.044	47564649
2019-03-02 00:00	0.044	0.044	0.042	0.043	59810356
2019-03-03 00:00	0.043	0.043	0.042	0.042	42522437
2019-03-04 00:00	0.042	0.042	0.039	0.040	95564235
2019-03-05 00:00	0.040	0.043	0.040	0.043	116056216
2019-03-06 00:00	0.043	0.043	0.042	0.043	80379238
2019-03-07 00:00	0.043	0.043	0.042	0.043	82275285
2019-03-08 00:00	0.043	0.044	0.042	0.043	93506695
2019-03-09 00:00	0.043	0.047	0.042	0.046	233471869
2019-03-10 00:00	0.046	0.047	0.044	0.046	161965096
2019-03-11 00:00	0.046	0.048	0.045	0.048	229861132
2019-03-12 00:00	0.048	0.048	0.046	0.047	164425842
2019-03-13 00:00	0.047	0.049	0.046	0.046	130475263
2019-03-14 00:00	0.046	0.048	0.046	0.048	125542753
2019-03-15 00:00	0.048	0.051	0.047	0.050	203456177
2019-03-16 00:00	0.050	0.052	0.049	0.051	203943128
2019-03-17 00:00	0.051	0.051	0.049	0.050	114975256
2019-03-18 00:00	0.050	0.051	0.049	0.050	109482800
2019-03-19 00:00	0.050	0.053	0.049	0.052	150872915
2019-03-20 00:00	0.052	0.054	0.051	0.053	180070858
2019-03-21 00:00	0.053	0.055	0.050	0.053	284594026
2019-03-22 00:00	0.053	0.059	0.052	0.058	421936884
2019-03-23 00:00	0.058	0.064	0.057	0.064	518852608
2019-03-24 00:00	0.064	0.065	0.059	0.060	426388533
2019-03-25 00:00	0.060	0.062	0.056	0.057	314068225
2019-03-26 00:00	0.057	0.062	0.057	0.061	269540520
2019-03-27 00:00	0.061	0.068	0.061	0.067	380954905
2019-03-28 00:00	0.067	0.067	0.064	0.066	200859875
2019-03-29 00:00	0.066	0.072	0.065	0.071	297990450
2019-03-30 00:00	0.071	0.073	0.069	0.071	240930479
2019-03-31 00:00	0.071	0.073	0.070	0.070	136326061
2019-04-01 00:00	0.070	0.073	0.069	0.072	161594107
2019-04-02 00:00	0.072	0.083	0.071	0.081	462813265
2019-04-03 00:00	0.081	0.100	0.081	0.097	695333744
2019-04-04 00:00	0.097	0.098	0.082	0.088	594877125
2019-04-05 00:00	0.088	0.092	0.086	0.090	244269553
2019-04-06 00:00	0.090	0.094	0.087	0.090	182322798
2019-04-07 00:00	0.090	0.091	0.088	0.090	133078437
2019-04-08 00:00	0.090	0.092	0.081	0.086	271355969
2019-04-09 00:00	0.086	0.087	0.080	0.084	213442564
2019-04-10 00:00	0.084	0.092	0.083	0.088	226287262
2019-04-11 00:00	0.088	0.090	0.076	0.081	320144883
2019-04-12 00:00	0.081	0.085	0.079	0.083	179360592
2019-04-13 00:00	0.083	0.085	0.082	0.083	92352022
2019-04-14 00:00	0.083	0.083	0.081	0.083	76418479
2019-04-15 00:00	0.083	0.085	0.080	0.081	132354949
2019-04-16 00:00	0.081	0.083	0.079	0.083	80472036
2019-04-17 00:00	0.083	0.084	0.081	0.083	77833751
2019-04-18 00:00	0.083	0.083	0.082	0.082	96276854
2019-04-19 00:00	0.082	0.082	0.075	0.079	170746860
2019-04-20 00:00	0.079	0.079	0.074	0.075	125863594
2019-04-21 00:00	0.075	0.077	0.071	0.073	171319195
2019-04-22 00:00	0.073	0.078	0.071	0.077	165675187
2019-04-23 00:00	0.077	0.080	0.074	0.075	216397931
2019-04-24 00:00	0.075	0.075	0.068	0.070	228097979
2019-04-25 00:00	0.070	0.076	0.070	0.072	146364174
2019-04-26 00:00	0.072	0.073	0.067	0.069	209074801
2019-04-27 00:00	0.069	0.072	0.069	0.071	82806777
2019-04-28 00:00	0.071	0.071	0.068	0.069	57187833
2019-04-29 00:00	0.069	0.069	0.064	0.065	87056343
2019-04-30 00:00	0.065	0.068	0.064	0.068	68560537
2019-05-01 00:00	0.068	0.071	0.067	0.068	80965173
2019-05-02 00:00	0.068	0.070	0.068	0.069	57430592
2019-05-03 00:00	0.069	0.072	0.067	0.070	154436721
2019-05-04 00:00	0.070	0.072	0.066	0.068	107018297
2019-05-05 00:00	0.068	0.068	0.066	0.067	66171809
2019-05-06 00:00	0.067	0.069	0.063	0.068	99154689
2019-05-07 00:00	0.068	0.069	0.065	0.065	86844039
2019-05-08 00:00	0.065	0.066	0.062	0.064	72204232
2019-05-09 00:00	0.064	0.065	0.060	0.062	92399334
2019-05-10 00:00	0.062	0.065	0.059	0.063	156162478
2019-05-11 00:00	0.063	0.079	0.062	0.077	299573775
2019-05-12 00:00	0.077	0.079	0.068	0.071	317848046
2019-05-13 00:00	0.071	0.076	0.069	0.074	205500192
2019-05-14 00:00	0.074	0.082	0.072	0.079	352749562
2019-05-15 00:00	0.079	0.093	0.079	0.090	226120121
2019-05-16 00:00	0.090	0.101	0.083	0.089	479979544
2019-05-17 00:00	0.089	0.091	0.076	0.081	351087828
2019-05-18 00:00	0.081	0.085	0.079	0.080	180353594
2019-05-19 00:00	0.080	0.087	0.078	0.086	226399013
2019-05-20 00:00	0.086	0.088	0.079	0.085	236407408
2019-05-21 00:00	0.085	0.086	0.082	0.085	135485066
2019-05-22 00:00	0.085	0.085	0.078	0.078	122538670
2019-05-23 00:00	0.078	0.080	0.074	0.080	138093231
2019-05-24 00:00	0.080	0.084	0.076	0.082	146138518
2019-05-25 00:00	0.082	0.082	0.079	0.080	93708412
2019-05-26 00:00	0.080	0.087	0.078	0.086	106645548
2019-05-27 00:00	0.086	0.094	0.084	0.089	223076265
2019-05-28 00:00	0.089	0.093	0.087	0.092	186780349
2019-05-29 00:00	0.092	0.094	0.085	0.091	198362622
2019-05-30 00:00	0.091	0.097	0.080	0.082	321093050
2019-05-31 00:00	0.082	0.088	0.081	0.088	173598713
2019-06-01 00:00	0.088	0.092	0.085	0.092	153802102
2019-06-02 00:00	0.092	0.098	0.090	0.094	301463212
2019-06-03 00:00	0.094	0.098	0.089	0.093	274380588
2019-06-04 00:00	0.093	0.093	0.079	0.079	295669688
2019-06-05 00:00	0.079	0.084	0.079	0.082	112965608
2019-06-06 00:00	0.082	0.083	0.078	0.081	115874662
2019-06-07 00:00	0.081	0.087	0.081	0.085	125215983
2019-06-08 00:00	0.085	0.086	0.082	0.083	67232825
2019-06-09 00:00	0.083	0.084	0.078	0.078	75410238
2019-06-10 00:00	0.078	0.085	0.077	0.084	111775956
2019-06-11 00:00	0.084	0.089	0.082	0.088	163971688
2019-06-12 00:00	0.088	0.095	0.086	0.094	294183843
2019-06-13 00:00	0.094	0.097	0.088	0.089	251965267
2019-06-14 00:00	0.089	0.091	0.085	0.089	184628958
2019-06-15 00:00	0.089	0.093	0.088	0.091	127676879
2019-06-16 00:00	0.091	0.094	0.090	0.092	174779444
2019-06-17 00:00	0.092	0.093	0.091	0.093	82146654
2019-06-18 00:00	0.093	0.094	0.088	0.089	101265082
2019-06-19 00:00	0.089	0.092	0.088	0.090	63432530
2019-06-20 00:00	0.090	0.090	0.085	0.086	113956240
2019-06-21 00:00	0.087	0.091	0.086	0.089	144792525
2019-06-22 00:00	0.089	0.098	0.088	0.095	294472140
2019-06-23 00:00	0.095	0.104	0.093	0.097	376304581
2019-06-24 00:00	0.097	0.100	0.094	0.096	190552688
2019-06-25 00:00	0.096	0.098	0.094	0.095	129876711
2019-06-26 00:00	0.095	0.107	0.095	0.097	462282993
2019-06-27 00:00	0.097	0.100	0.083	0.087	321334873
2019-06-28 00:00	0.087	0.089	0.085	0.088	199495811
2019-06-29 00:00	0.088	0.091	0.084	0.089	138838667
2019-06-30 00:00	0.089	0.091	0.081	0.085	145323941
2019-07-01 00:00	0.085	0.086	0.080	0.083	146422290
2019-07-02 00:00	0.083	0.084	0.077	0.079	183328843
2019-07-03 00:00	0.080	0.083	0.079	0.081	119823223
2019-07-04 00:00	0.080	0.083	0.078	0.079	103694375
2019-07-05 00:00	0.079	0.080	0.076	0.077	67630510
2019-07-06 00:00	0.077	0.081	0.076	0.078	82094543
2019-07-07 00:00	0.078	0.080	0.077	0.080	50712595
2019-07-08 00:00	0.080	0.082	0.079	0.080	83989187
2019-07-09 00:00	0.080	0.081	0.077	0.078	79973367
2019-07-10 00:00	0.078	0.078	0.069	0.072	127680899
2019-07-11 00:00	0.072	0.072	0.062	0.065	143128185
2019-07-12 00:00	0.065	0.071	0.063	0.069	106103370
2019-07-13 00:00	0.069	0.071	0.064	0.065	78809911
2019-07-14 00:00	0.065	0.067	0.060	0.062	108356414
2019-07-15 00:00	0.062	0.062	0.055	0.059	159358025
2019-07-16 00:00	0.059	0.061	0.050	0.053	146511704
2019-07-17 00:00	0.053	0.058	0.050	0.056	149383946
2019-07-18 00:00	0.056	0.060	0.053	0.059	129392565
2019-07-19 00:00	0.059	0.059	0.056	0.059	79018474
2019-07-20 00:00	0.059	0.065	0.059	0.065	119879018
2019-07-21 00:00	0.065	0.065	0.059	0.061	75922402
2019-07-22 00:00	0.061	0.062	0.058	0.059	66487834
2019-07-23 00:00	0.059	0.060	0.055	0.057	76168367
2019-07-24 00:00	0.057	0.059	0.054	0.058	95787252
2019-07-25 00:00	0.058	0.061	0.057	0.059	84910299
2019-07-26 00:00	0.059	0.063	0.057	0.062	103147345
2019-07-27 00:00	0.062	0.064	0.057	0.060	88831079
2019-07-28 00:00	0.060	0.061	0.058	0.059	47703469
2019-07-29 00:00	0.059	0.063	0.057	0.060	83700887
2019-07-30 00:00	0.060	0.061	0.059	0.060	52332436
2019-07-31 00:00	0.060	0.061	0.059	0.060	81390491
2019-08-01 00:00	0.060	0.060	0.058	0.059	69796020
2019-08-02 00:00	0.059	0.059	0.056	0.057	76283195
2019-08-03 00:00	0.057	0.058	0.057	0.057	34280257
2019-08-04 00:00	0.057	0.058	0.056	0.056	64240544
2019-08-05 00:00	0.056	0.058	0.056	0.057	99161029
2019-08-06 00:00	0.057	0.057	0.053	0.053	91388623
2019-08-07 00:00	0.053	0.054	0.051	0.052	93118713
2019-08-08 00:00	0.052	0.053	0.050	0.052	91558418
2019-08-09 00:00	0.052	0.053	0.048	0.048	99152350
2019-08-10 00:00	0.048	0.053	0.047	0.053	156011035
2019-08-11 00:00	0.053	0.056	0.052	0.055	129676623
2019-08-12 00:00	0.055	0.055	0.053	0.053	68562039
2019-08-13 00:00	0.053	0.053	0.049	0.052	88839632
2019-08-14 00:00	0.052	0.054	0.047	0.049	120642394
2019-08-15 00:00	0.049	0.049	0.046	0.048	62631922
2019-08-16 00:00	0.048	0.048	0.045	0.046	84640005
2019-08-17 00:00	0.046	0.048	0.046	0.047	62812785
2019-08-18 00:00	0.047	0.051	0.047	0.051	73687264
2019-08-19 00:00	0.051	0.051	0.049	0.050	48345179
2019-08-20 00:00	0.050	0.051	0.049	0.049	62611693
2019-08-21 00:00	0.049	0.049	0.046	0.047	60480035
2019-08-22 00:00	0.047	0.051	0.047	0.050	103767006
2019-08-23 00:00	0.050	0.051	0.049	0.050	86685451
2019-08-24 00:00	0.050	0.052	0.048	0.050	94018198
2019-08-25 00:00	0.050	0.053	0.048	0.049	135322329
2019-08-26 00:00	0.049	0.051	0.049	0.050	94252569
2019-08-27 00:00	0.050	0.050	0.048	0.049	38687730
2019-08-28 00:00	0.049	0.050	0.045	0.046	99350463
2019-08-29 00:00	0.046	0.046	0.043	0.044	87135807
2019-08-30 00:00	0.044	0.046	0.044	0.045	49341733
2019-08-31 00:00	0.045	0.045	0.044	0.045	37782543
2019-09-01 00:00	0.045	0.045	0.044	0.044	33351904
2019-09-02 00:00	0.044	0.046	0.043	0.046	71942817
2019-09-03 00:00	0.046	0.047	0.044	0.046	111833859
2019-09-04 00:00	0.046	0.047	0.045	0.045	70161853
2019-09-05 00:00	0.046	0.046	0.044	0.044	57730617
2019-09-06 00:00	0.044	0.045	0.043	0.044	98637354
2019-09-07 00:00	0.044	0.046	0.044	0.046	76506802
2019-09-08 00:00	0.046	0.048	0.046	0.047	93221172
2019-09-09 00:00	0.047	0.047	0.045	0.047	85599345
2019-09-10 00:00	0.047	0.048	0.046	0.046	100342524
2019-09-11 00:00	0.046	0.047	0.044	0.045	88902209
2019-09-12 00:00	0.045	0.046	0.044	0.046	66565022
2019-09-13 00:00	0.046	0.046	0.045	0.045	44343683
2019-09-14 00:00	0.045	0.047	0.045	0.047	83809002
2019-09-15 00:00	0.047	0.047	0.046	0.046	43774125
2019-09-16 00:00	0.046	0.047	0.046	0.047	68765494
2019-09-17 00:00	0.047	0.051	0.047	0.050	171952070
2019-09-18 00:00	0.050	0.056	0.049	0.054	354497434
2019-09-19 00:00	0.054	0.055	0.049	0.052	341126432
2019-09-20 00:00	0.052	0.053	0.050	0.051	174065821
2019-09-21 00:00	0.051	0.053	0.051	0.051	156468213
2019-09-22 00:00	0.051	0.052	0.048	0.049	243278442
2019-09-23 00:00	0.049	0.049	0.047	0.047	190000377
2019-09-24 00:00	0.047	0.047	0.035	0.038	429746709
2019-09-25 00:00	0.039	0.040	0.036	0.040	285268440
2019-09-26 00:00	0.040	0.040	0.035	0.037	259227666
2019-09-27 00:00	0.037	0.040	0.037	0.039	151633145
2019-09-28 00:00	0.039	0.040	0.038	0.038	127965629
2019-09-29 00:00	0.038	0.039	0.036	0.037	141448989
2019-09-30 00:00	0.037	0.039	0.036	0.038	184488793
2019-10-01 00:00	0.038	0.040	0.038	0.038	113616365
2019-10-02 00:00	0.038	0.039	0.038	0.039	86430216
2019-10-03 00:00	0.039	0.040	0.037	0.038	138753976
2019-10-04 00:00	0.038	0.040	0.037	0.040	168373736
2019-10-05 00:00	0.040	0.040	0.039	0.039	129268144
2019-10-06 00:00	0.039	0.040	0.038	0.039	107885592
2019-10-07 00:00	0.039	0.042	0.038	0.041	249936992
2019-10-08 00:00	0.041	0.042	0.040	0.041	166815606
2019-10-09 00:00	0.041	0.043	0.041	0.042	185814900
2019-10-10 00:00	0.042	0.043	0.041	0.042	153130079
2019-10-11 00:00	0.042	0.042	0.040	0.040	192730014
2019-10-12 00:00	0.040	0.041	0.040	0.041	96325808
2019-10-13 00:00	0.041	0.042	0.040	0.041	80769920
2019-10-14 00:00	0.041	0.042	0.041	0.041	126349264
2019-10-15 00:00	0.041	0.042	0.039	0.039	133455336
2019-10-16 00:00	0.039	0.040	0.038	0.038	125384737
2019-10-17 00:00	0.038	0.039	0.038	0.039	101216420
2019-10-18 00:00	0.039	0.040	0.037	0.038	101350106
2019-10-19 00:00	0.038	0.040	0.038	0.039	109391324
2019-10-20 00:00	0.039	0.039	0.038	0.039	80867880
2019-10-21 00:00	0.039	0.040	0.038	0.039	86963490
2019-10-22 00:00	0.039	0.040	0.039	0.039	95933094
2019-10-23 00:00	0.039	0.039	0.035	0.036	161662835
2019-10-24 00:00	0.036	0.038	0.036	0.037	129464689
2019-10-25 00:00	0.037	0.042	0.037	0.041	250215641
2019-10-26 00:00	0.041	0.043	0.039	0.040	389288028
2019-10-27 00:00	0.040	0.043	0.039	0.042	350641029
2019-10-28 00:00	0.042	0.045	0.042	0.043	253815115
2019-10-29 00:00	0.043	0.044	0.042	0.043	152124604
2019-10-30 00:00	0.043	0.045	0.041	0.041	179735035
2019-10-31 00:00	0.041	0.042	0.040	0.041	144297241
2019-11-01 00:00	0.041	0.043	0.041	0.042	112877030
2019-11-02 00:00	0.042	0.043	0.042	0.042	77791118
2019-11-03 00:00	0.042	0.043	0.041	0.042	60590194
2019-11-04 00:00	0.042	0.043	0.041	0.043	100749980
2019-11-05 00:00	0.043	0.045	0.043	0.044	183874137
2019-11-06 00:00	0.044	0.046	0.044	0.045	144765284
2019-11-07 00:00	0.045	0.045	0.043	0.044	139682076
2019-11-08 00:00	0.044	0.044	0.041	0.042	138812202
2019-11-09 00:00	0.043	0.043	0.042	0.042	62162397
2019-11-10 00:00	0.042	0.044	0.042	0.044	105780934
2019-11-11 00:00	0.044	0.044	0.042	0.043	104132439
2019-11-12 00:00	0.043	0.045	0.043	0.044	152946036
2019-11-13 00:00	0.044	0.044	0.043	0.043	75363647
2019-11-14 00:00	0.043	0.044	0.042	0.043	79842360
2019-11-15 00:00	0.043	0.044	0.042	0.044	118721722
2019-11-16 00:00	0.044	0.045	0.043	0.044	124075135
2019-11-17 00:00	0.044	0.046	0.043	0.045	131331588
2019-11-18 00:00	0.045	0.046	0.043	0.044	241323559
2019-11-19 00:00	0.044	0.044	0.041	0.042	174596942
2019-11-20 00:00	0.042	0.043	0.040	0.041	132251388
2019-11-21 00:00	0.041	0.041	0.037	0.038	168056083
2019-11-22 00:00	0.038	0.039	0.034	0.037	299148934
2019-11-23 00:00	0.037	0.038	0.036	0.037	156120656
2019-11-24 00:00	0.037	0.039	0.035	0.036	198213184
2019-11-25 00:00	0.036	0.037	0.032	0.036	311646879
2019-11-26 00:00	0.036	0.037	0.035	0.036	135766056
2019-11-27 00:00	0.036	0.040	0.035	0.039	212654858
2019-11-28 00:00	0.039	0.040	0.038	0.040	138489953
2019-11-29 00:00	0.040	0.042	0.038	0.041	332348478
2019-11-30 00:00	0.041	0.042	0.040	0.041	162192891
2019-12-01 00:00	0.041	0.041	0.038	0.040	140249199
2019-12-02 00:00	0.040	0.040	0.037	0.038	113773970
2019-12-03 00:00	0.038	0.039	0.037	0.038	83827638
2019-12-04 00:00	0.038	0.039	0.036	0.037	176238567
2019-12-05 00:00	0.037	0.038	0.037	0.038	90379941
2019-12-06 00:00	0.038	0.038	0.037	0.038	66333745
2019-12-07 00:00	0.038	0.039	0.038	0.038	68402136
2019-12-08 00:00	0.038	0.039	0.038	0.039	50550710
2019-12-09 00:00	0.039	0.039	0.037	0.037	93851959
2019-12-10 00:00	0.037	0.038	0.036	0.036	89652472
2019-12-11 00:00	0.036	0.037	0.036	0.037	58091954
2019-12-12 00:00	0.037	0.037	0.036	0.037	82042251
2019-12-13 00:00	0.037	0.037	0.036	0.037	65907375
2019-12-14 00:00	0.037	0.037	0.036	0.036	109734148
2019-12-15 00:00	0.036	0.037	0.036	0.036	59172356
2019-12-16 00:00	0.036	0.037	0.033	0.034	113105857
2019-12-17 00:00	0.034	0.034	0.031	0.032	171397170
2019-12-18 00:00	0.032	0.034	0.030	0.034	187502399
2019-12-19 00:00	0.034	0.035	0.033	0.033	127567999
2019-12-20 00:00	0.033	0.034	0.033	0.034	92628517
2019-12-21 00:00	0.034	0.034	0.033	0.033	55670662
2019-12-22 00:00	0.033	0.035	0.033	0.034	64615525
2019-12-23 00:00	0.034	0.035	0.033	0.033	101097674
2019-12-24 00:00	0.033	0.035	0.033	0.034	115063090
2019-12-25 00:00	0.034	0.034	0.033	0.034	51335428
2019-12-26 00:00	0.034	0.035	0.033	0.034	75163069
2019-12-27 00:00	0.034	0.034	0.032	0.033	168370050
2019-12-28 00:00	0.033	0.034	0.033	0.034	74683922
2019-12-29 00:00	0.034	0.035	0.033	0.034	55062920
2019-12-30 00:00	0.034	0.034	0.033	0.033	52282735
2019-12-31 00:00	0.033	0.034	0.033	0.033	42887952
2020-01-01 00:00	0.033	0.034	0.033	0.034	31263674
2020-01-02 00:00	0.034	0.034	0.032	0.033	42655462
2020-01-03 00:00	0.033	0.034	0.032	0.034	101467784
2020-01-04 00:00	0.034	0.034	0.034	0.034	56428277
2020-01-05 00:00	0.034	0.035	0.034	0.035	67029305
2020-01-06 00:00	0.035	0.037	0.034	0.037	122700362
2020-01-07 00:00	0.037	0.038	0.036	0.037	218548983
2020-01-08 00:00	0.037	0.039	0.036	0.036	233389159
2020-01-09 00:00	0.036	0.037	0.035	0.036	86649667
2020-01-10 00:00	0.036	0.037	0.035	0.037	153981965
2020-01-11 00:00	0.037	0.038	0.036	0.037	85634427
2020-01-12 00:00	0.037	0.038	0.037	0.037	73732666
2020-01-13 00:00	0.037	0.038	0.037	0.037	54016601
2020-01-14 00:00	0.037	0.043	0.037	0.041	418495157
2020-01-15 00:00	0.041	0.043	0.040	0.042	307669914
2020-01-16 00:00	0.042	0.043	0.040	0.041	192073145
2020-01-17 00:00	0.041	0.046	0.041	0.045	337221250
2020-01-18 00:00	0.045	0.046	0.043	0.045	244029082
2020-01-19 00:00	0.045	0.046	0.041	0.043	246930973
2020-01-20 00:00	0.042	0.044	0.042	0.044	177009307
2020-01-21 00:00	0.044	0.047	0.043	0.046	276276702
2020-01-22 00:00	0.046	0.047	0.045	0.046	130776191
2020-01-23 00:00	0.046	0.046	0.042	0.043	194758598
2020-01-24 00:00	0.043	0.045	0.041	0.045	207824885
2020-01-25 00:00	0.045	0.045	0.043	0.044	121242210
2020-01-26 00:00	0.044	0.045	0.043	0.044	149560432
2020-01-27 00:00	0.044	0.049	0.044	0.048	288672055
2020-01-28 00:00	0.048	0.055	0.047	0.053	672797126
2020-01-29 00:00	0.053	0.058	0.052	0.056	573059482
2020-01-30 00:00	0.056	0.057	0.052	0.057	466799214
2020-01-31 00:00	0.057	0.057	0.052	0.054	437566965
2020-02-01 00:00	0.054	0.057	0.053	0.056	308598324
2020-02-02 00:00	0.056	0.059	0.055	0.057	520316857
2020-02-03 00:00	0.057	0.058	0.055	0.057	322309222
2020-02-04 00:00	0.057	0.058	0.054	0.056	290488675
2020-02-05 00:00	0.056	0.060	0.056	0.060	342260353
2020-02-06 00:00	0.060	0.061	0.058	0.060	346162383
2020-02-07 00:00	0.060	0.063	0.059	0.060	297258588
2020-02-08 00:00	0.060	0.061	0.057	0.060	237881808
2020-02-09 00:00	0.060	0.062	0.060	0.061	197408736
2020-02-10 00:00	0.061	0.062	0.058	0.060	269067382
2020-02-11 00:00	0.060	0.063	0.059	0.063	260755516
2020-02-12 00:00	0.063	0.070	0.062	0.069	463520192
2020-02-13 00:00	0.069	0.072	0.065	0.068	518282636
2020-02-14 00:00	0.068	0.071	0.067	0.071	302512002
2020-02-15 00:00	0.071	0.071	0.062	0.065	391811005
2020-02-16 00:00	0.065	0.067	0.057	0.060	459038807
2020-02-17 00:00	0.060	0.063	0.056	0.059	467528740
2020-02-18 00:00	0.059	0.064	0.058	0.063	392314539
2020-02-19 00:00	0.063	0.063	0.057	0.059	214113690
2020-02-20 00:00	0.059	0.059	0.055	0.058	334643319
2020-02-21 00:00	0.058	0.060	0.057	0.058	213606793
2020-02-22 00:00	0.058	0.059	0.057	0.059	143534445
2020-02-23 00:00	0.059	0.062	0.058	0.061	174439968
2020-02-24 00:00	0.061	0.062	0.057	0.058	245834916
2020-02-25 00:00	0.058	0.059	0.056	0.057	245728273
2020-02-26 00:00	0.057	0.058	0.047	0.049	622294765
2020-02-27 00:00	0.049	0.052	0.046	0.050	385865472
2020-02-28 00:00	0.050	0.051	0.047	0.049	357969768
2020-02-29 00:00	0.049	0.050	0.047	0.048	221882058
2020-03-01 00:00	0.048	0.048	0.045	0.045	289135783
2020-03-02 00:00	0.045	0.050	0.045	0.049	240496446
2020-03-03 00:00	0.049	0.050	0.047	0.049	217704578
2020-03-04 00:00	0.049	0.050	0.048	0.049	212029349
2020-03-05 00:00	0.049	0.052	0.049	0.051	227607269
2020-03-06 00:00	0.051	0.052	0.050	0.051	178165787
2020-03-07 00:00	0.051	0.052	0.048	0.049	163575152
2020-03-08 00:00	0.049	0.049	0.043	0.044	296841857
2020-03-09 00:00	0.044	0.044	0.039	0.040	482966610
2020-03-10 00:00	0.040	0.043	0.040	0.041	353349863
2020-03-11 00:00	0.042	0.042	0.037	0.039	360006737
2020-03-12 00:00	0.039	0.040	0.027	0.028	1065106461
2020-03-13 00:00	0.028	0.029	0.018	0.028	1429975278
2020-03-14 00:00	0.028	0.029	0.026	0.027	368062618
2020-03-15 00:00	0.027	0.029	0.025	0.029	336156335
2020-03-16 00:00	0.029	0.029	0.022	0.024	750953825
2020-03-17 00:00	0.024	0.027	0.024	0.026	396364611
2020-03-18 00:00	0.026	0.027	0.024	0.026	298216480
2020-03-19 00:00	0.026	0.032	0.025	0.031	479945720
2020-03-20 00:00	0.031	0.034	0.027	0.030	682696964
2020-03-21 00:00	0.030	0.031	0.028	0.029	399763971
2020-03-22 00:00	0.029	0.030	0.027	0.028	303162093
2020-03-23 00:00	0.028	0.030	0.027	0.029	378365030
2020-03-24 00:00	0.029	0.030	0.029	0.030	286386225
2020-03-25 00:00	0.030	0.030	0.029	0.029	257365925
2020-03-26 00:00	0.029	0.030	0.029	0.030	188444444
2020-03-27 00:00	0.030	0.031	0.030	0.030	251485735
2020-03-28 00:00	0.030	0.030	0.028	0.030	306315619
2020-03-29 00:00	0.030	0.030	0.028	0.028	193938001
2020-03-30 00:00	0.028	0.030	0.028	0.030	220347776
2020-03-31 00:00	0.030	0.031	0.030	0.030	178023386
2020-04-01 00:00	0.030	0.031	0.029	0.030	206891481
2020-04-02 00:00	0.030	0.034	0.030	0.032	333751305
2020-04-03 00:00	0.032	0.033	0.032	0.032	218941247
2020-04-04 00:00	0.032	0.033	0.032	0.032	177107535
2020-04-05 00:00	0.032	0.033	0.032	0.032	111623837
2020-04-06 00:00	0.032	0.035	0.032	0.035	326491013
2020-04-07 00:00	0.035	0.037	0.035	0.035	357695719
2020-04-08 00:00	0.035	0.037	0.035	0.036	209064619
2020-04-09 00:00	0.036	0.037	0.035	0.036	172461002
2020-04-10 00:00	0.036	0.036	0.032	0.033	297878207
2020-04-11 00:00	0.033	0.034	0.033	0.033	166253924
2020-04-12 00:00	0.033	0.035	0.033	0.035	142300519
2020-04-13 00:00	0.035	0.035	0.032	0.033	253159771
2020-04-14 00:00	0.033	0.034	0.033	0.033	139737762
2020-04-15 00:00	0.033	0.034	0.032	0.033	117343441
2020-04-16 00:00	0.033	0.034	0.031	0.034	306726883
2020-04-17 00:00	0.034	0.035	0.034	0.034	145975683
2020-04-18 00:00	0.034	0.037	0.034	0.036	169568874
2020-04-19 00:00	0.036	0.037	0.035	0.036	216623860
2020-04-20 00:00	0.036	0.037	0.034	0.034	273788421
2020-04-21 00:00	0.034	0.035	0.034	0.035	172539161
2020-04-22 00:00	0.035	0.037	0.034	0.036	134496895
2020-04-23 00:00	0.036	0.043	0.036	0.042	490122626
2020-04-24 00:00	0.042	0.045	0.040	0.042	502540110
2020-04-25 00:00	0.042	0.044	0.041	0.042	244385135
2020-04-26 00:00	0.042	0.046	0.042	0.045	394507440
2020-04-27 00:00	0.045	0.048	0.044	0.045	435810712
2020-04-28 00:00	0.045	0.048	0.045	0.047	374803408
2020-04-29 00:00	0.047	0.052	0.047	0.052	504926313
2020-04-30 00:00	0.052	0.054	0.047	0.048	748530778
2020-05-01 00:00	0.048	0.052	0.047	0.051	383166212
2020-05-02 00:00	0.051	0.051	0.049	0.051	245056454
2020-05-03 00:00	0.051	0.052	0.048	0.049	287179618
2020-05-04 00:00	0.049	0.050	0.046	0.050	494065712
2020-05-05 00:00	0.050	0.051	0.049	0.050	281988496
2020-05-06 00:00	0.050	0.051	0.049	0.051	254431134
2020-05-07 00:00	0.051	0.052	0.048	0.051	302115680
2020-05-08 00:00	0.051	0.054	0.051	0.053	334869612
2020-05-09 00:00	0.053	0.053	0.051	0.052	246606066
2020-05-10 00:00	0.052	0.052	0.043	0.047	613676419
2020-05-11 00:00	0.047	0.050	0.045	0.048	536839006
2020-05-12 00:00	0.048	0.051	0.047	0.050	377191417
2020-05-13 00:00	0.050	0.052	0.049	0.052	282985495
2020-05-14 00:00	0.052	0.052	0.050	0.051	280982365
2020-05-15 00:00	0.051	0.052	0.050	0.051	245789925
2020-05-16 00:00	0.051	0.051	0.050	0.051	170813381
2020-05-17 00:00	0.051	0.052	0.051	0.051	133733478
2020-05-18 00:00	0.051	0.055	0.051	0.054	357315368
2020-05-19 00:00	0.054	0.057	0.053	0.057	286310329
2020-05-20 00:00	0.057	0.058	0.054	0.056	324266863
2020-05-21 00:00	0.056	0.058	0.050	0.053	409389053
2020-05-22 00:00	0.053	0.057	0.051	0.056	360354551
2020-05-23 00:00	0.057	0.057	0.054	0.055	218144157
2020-05-24 00:00	0.055	0.056	0.053	0.054	218602538
2020-05-25 00:00	0.054	0.054	0.051	0.054	306382189
2020-05-26 00:00	0.054	0.054	0.052	0.053	214532411
2020-05-27 00:00	0.053	0.056	0.053	0.055	275195583
2020-05-28 00:00	0.055	0.064	0.055	0.063	522701277
2020-05-29 00:00	0.063	0.068	0.063	0.064	779749987
2020-05-30 00:00	0.064	0.077	0.064	0.077	944126567
2020-05-31 00:00	0.077	0.087	0.074	0.076	1529309041
2020-06-01 00:00	0.076	0.082	0.072	0.082	1119807658
2020-06-02 00:00	0.082	0.083	0.071	0.080	898267697
2020-06-03 00:00	0.080	0.086	0.077	0.083	726935114
2020-06-04 00:00	0.083	0.090	0.083	0.088	897657198
2020-06-05 00:00	0.088	0.089	0.084	0.085	489066410
2020-06-06 00:00	0.085	0.087	0.084	0.087	294430004
2020-06-07 00:00	0.087	0.089	0.083	0.085	464935277
2020-06-08 00:00	0.085	0.087	0.085	0.086	219782379
2020-06-09 00:00	0.086	0.087	0.083	0.084	222162464
2020-06-10 00:00	0.084	0.084	0.079	0.082	424829565
2020-06-11 00:00	0.082	0.085	0.074	0.077	516326174
2020-06-12 00:00	0.077	0.081	0.073	0.080	364493177
2020-06-13 00:00	0.080	0.080	0.077	0.078	168774052
2020-06-14 00:00	0.078	0.079	0.076	0.077	117097854
2020-06-15 00:00	0.077	0.080	0.069	0.078	611589905
2020-06-16 00:00	0.078	0.080	0.077	0.078	311879957
2020-06-17 00:00	0.078	0.084	0.077	0.082	431432793
2020-06-18 00:00	0.082	0.085	0.080	0.081	347674424
2020-06-19 00:00	0.081	0.082	0.078	0.081	278181563
2020-06-20 00:00	0.081	0.081	0.077	0.079	152922739
2020-06-21 00:00	0.079	0.081	0.079	0.080	143549164
2020-06-22 00:00	0.080	0.083	0.078	0.083	236666126
2020-06-23 00:00	0.083	0.084	0.082	0.083	179672127
2020-06-24 00:00	0.083	0.087	0.080	0.082	431439839
2020-06-25 00:00	0.082	0.084	0.079	0.082	259864122
2020-06-26 00:00	0.082	0.082	0.079	0.081	197043028
2020-06-27 00:00	0.081	0.081	0.075	0.078	220041547
2020-06-28 00:00	0.078	0.081	0.076	0.081	239276912
2020-06-29 00:00	0.081	0.084	0.080	0.084	314946042
2020-06-30 00:00	0.084	0.085	0.082	0.083	209877057
2020-07-01 00:00	0.083	0.095	0.082	0.093	544079978
2020-07-02 00:00	0.093	0.097	0.087	0.095	804316851
2020-07-03 00:00	0.095	0.102	0.092	0.099	657489257
2020-07-04 00:00	0.099	0.101	0.095	0.098	522075275
2020-07-05 00:00	0.098	0.100	0.094	0.097	387987261
2020-07-06 00:00	0.097	0.107	0.097	0.103	450893062
2020-07-07 00:00	0.103	0.115	0.103	0.114	744053684
2020-07-08 00:00	0.114	0.139	0.114	0.130	1645735580
2020-07-09 00:00	0.130	0.131	0.117	0.124	911228570
2020-07-10 00:00	0.124	0.125	0.110	0.117	782050719
2020-07-11 00:00	0.117	0.126	0.116	0.126	462562326
2020-07-12 00:00	0.126	0.127	0.120	0.123	393952230
2020-07-13 00:00	0.123	0.136	0.123	0.129	665316973
2020-07-14 00:00	0.129	0.135	0.121	0.131	623939950
2020-07-15 00:00	0.131	0.134	0.127	0.130	394213243
2020-07-16 00:00	0.130	0.133	0.118	0.125	609892948
2020-07-17 00:00	0.125	0.127	0.122	0.123	272854098
2020-07-18 00:00	0.123	0.125	0.118	0.124	282221640
2020-07-19 00:00	0.124	0.125	0.121	0.124	155392824
2020-07-20 00:00	0.124	0.125	0.115	0.119	252080822
2020-07-21 00:00	0.119	0.125	0.117	0.123	277497622
2020-07-22 00:00	0.123	0.124	0.120	0.122	132794112
2020-07-23 00:00	0.122	0.126	0.122	0.124	270231168
2020-07-24 00:00	0.124	0.125	0.122	0.122	165047963
2020-07-25 00:00	0.122	0.140	0.121	0.138	733159296
2020-07-26 00:00	0.138	0.155	0.138	0.148	1067530952
2020-07-27 00:00	0.148	0.150	0.130	0.137	979470994
2020-07-28 00:00	0.137	0.149	0.134	0.148	718042947
2020-07-29 00:00	0.148	0.151	0.140	0.142	537686880
2020-07-30 00:00	0.142	0.143	0.137	0.140	371687016
2020-07-31 00:00	0.140	0.142	0.136	0.139	262988724
2020-08-01 00:00	0.139	0.147	0.138	0.146	402866570
2020-08-02 00:00	0.146	0.149	0.126	0.134	586816423
2020-08-03 00:00	0.134	0.139	0.132	0.136	249565964
2020-08-04 00:00	0.136	0.148	0.135	0.144	398059669
2020-08-05 00:00	0.144	0.146	0.141	0.143	245488818
2020-08-06 00:00	0.143	0.146	0.140	0.143	292537492
2020-08-07 00:00	0.143	0.147	0.133	0.140	336307964
2020-08-08 00:00	0.139	0.146	0.137	0.145	245544245
2020-08-09 00:00	0.145	0.152	0.142	0.144	452808296
2020-08-10 00:00	0.144	0.147	0.142	0.144	344803816
2020-08-11 00:00	0.144	0.145	0.131	0.135	327878264
2020-08-12 00:00	0.135	0.138	0.123	0.136	407984253
2020-08-13 00:00	0.136	0.142	0.132	0.138	357819960
2020-08-14 00:00	0.138	0.141	0.137	0.138	255145394
2020-08-15 00:00	0.138	0.142	0.136	0.138	278423841
2020-08-16 00:00	0.138	0.140	0.135	0.138	200014423
2020-08-17 00:00	0.138	0.145	0.137	0.142	387431509
2020-08-18 00:00	0.142	0.144	0.134	0.138	278771796
2020-08-19 00:00	0.138	0.138	0.126	0.130	334036861
2020-08-20 00:00	0.130	0.133	0.126	0.132	243169415
2020-08-21 00:00	0.132	0.135	0.121	0.123	307789403
2020-08-22 00:00	0.123	0.126	0.118	0.126	257914913
2020-08-23 00:00	0.126	0.126	0.119	0.123	181997217
2020-08-24 00:00	0.123	0.127	0.120	0.125	197327553
2020-08-25 00:00	0.125	0.125	0.105	0.111	517718465
2020-08-26 00:00	0.111	0.118	0.110	0.116	303575402
2020-08-27 00:00	0.116	0.116	0.102	0.106	389428498
2020-08-28 00:00	0.106	0.112	0.105	0.109	266787077
2020-08-29 00:00	0.109	0.116	0.108	0.116	200210283
2020-08-30 00:00	0.116	0.119	0.114	0.117	227426404
2020-08-31 00:00	0.117	0.127	0.113	0.122	449690418
2020-09-01 00:00	0.122	0.127	0.119	0.127	310811362
2020-09-02 00:00	0.127	0.128	0.110	0.116	430538254
2020-09-03 00:00	0.116	0.117	0.101	0.104	528097918
2020-09-04 00:00	0.104	0.105	0.092	0.102	844015197
2020-09-05 00:00	0.103	0.104	0.085	0.089	634258367
2020-09-06 00:00	0.089	0.096	0.086	0.094	404296662
2020-09-07 00:00	0.094	0.094	0.086	0.091	373126905
2020-09-08 00:00	0.091	0.097	0.088	0.091	400786452
2020-09-09 00:00	0.091	0.096	0.088	0.094	270162886
2020-09-10 00:00	0.094	0.100	0.093	0.098	325414109
2020-09-11 00:00	0.098	0.098	0.093	0.096	209067441
2020-09-12 00:00	0.097	0.099	0.094	0.098	180442718
2020-09-13 00:00	0.098	0.100	0.092	0.094	244364461
2020-09-14 00:00	0.094	0.098	0.093	0.097	221861799
2020-09-15 00:00	0.097	0.098	0.093	0.094	227526590
2020-09-16 00:00	0.094	0.094	0.090	0.092	279060315
2020-09-17 00:00	0.092	0.095	0.091	0.094	226238180
2020-09-18 00:00	0.094	0.095	0.090	0.091	210916486
2020-09-19 00:00	0.091	0.093	0.090	0.092	163218953
2020-09-20 00:00	0.092	0.092	0.088	0.089	173261928
2020-09-21 00:00	0.089	0.090	0.077	0.081	477946865
2020-09-22 00:00	0.081	0.083	0.079	0.082	323132358
2020-09-23 00:00	0.082	0.083	0.075	0.077	273315312
2020-09-24 00:00	0.077	0.083	0.075	0.083	419847815
2020-09-25 00:00	0.083	0.099	0.082	0.097	747720884
2020-09-26 00:00	0.097	0.100	0.092	0.094	373367628
2020-09-27 00:00	0.094	0.103	0.094	0.101	412481312
2020-09-28 00:00	0.101	0.107	0.100	0.103	427886394
2020-09-29 00:00	0.103	0.104	0.097	0.100	356172033
2020-09-30 00:00	0.100	0.102	0.097	0.100	282935566
2020-10-01 00:00	0.100	0.105	0.095	0.097	334319282
2020-10-02 00:00	0.097	0.100	0.090	0.092	400880057
2020-10-03 00:00	0.092	0.095	0.092	0.093	162013946
2020-10-04 00:00	0.093	0.098	0.092	0.097	176043364
2020-10-05 00:00	0.097	0.099	0.096	0.096	184524840
2020-10-06 00:00	0.096	0.099	0.091	0.092	273314261
2020-10-07 00:00	0.092	0.094	0.089	0.094	164311486
2020-10-08 00:00	0.093	0.097	0.090	0.096	249082149
2020-10-09 00:00	0.096	0.103	0.095	0.102	299423947
2020-10-10 00:00	0.102	0.112	0.101	0.108	477548023
2020-10-11 00:00	0.108	0.109	0.104	0.106	348551030
2020-10-12 00:00	0.107	0.114	0.102	0.112	412265191
2020-10-13 00:00	0.112	0.114	0.108	0.110	422287585
2020-10-14 00:00	0.110	0.112	0.105	0.106	338638151
2020-10-15 00:00	0.106	0.108	0.104	0.106	228160894
2020-10-16 00:00	0.106	0.107	0.102	0.104	223527521
2020-10-17 00:00	0.104	0.107	0.103	0.105	166260375
2020-10-18 00:00	0.105	0.107	0.105	0.107	99259569
2020-10-19 00:00	0.107	0.111	0.106	0.110	223590371
2020-10-20 00:00	0.110	0.110	0.101	0.103	342404517
2020-10-21 00:00	0.103	0.109	0.101	0.107	237936493
2020-10-22 00:00	0.108	0.112	0.105	0.111	269729346
2020-10-23 00:00	0.112	0.113	0.105	0.107	247580062
2020-10-24 00:00	0.107	0.110	0.107	0.108	149097512
2020-10-25 00:00	0.108	0.109	0.106	0.107	112542403
2020-10-26 00:00	0.107	0.108	0.099	0.103	223874832
2020-10-27 00:00	0.103	0.106	0.102	0.102	176050344
2020-10-28 00:00	0.102	0.103	0.095	0.099	281080585
2020-10-29 00:00	0.099	0.101	0.095	0.097	251255351
2020-10-30 00:00	0.097	0.097	0.089	0.094	294209386
2020-10-31 00:00	0.094	0.096	0.092	0.093	168327590
2020-11-01 00:00	0.093	0.099	0.092	0.098	133139252
2020-11-02 00:00	0.098	0.100	0.092	0.093	249308238
2020-11-03 00:00	0.093	0.094	0.088	0.093	239632399
2020-11-04 00:00	0.093	0.096	0.092	0.095	265565931
2020-11-05 00:00	0.095	0.098	0.092	0.097	320752406
2020-11-06 00:00	0.097	0.110	0.097	0.108	442935137
2020-11-07 00:00	0.108	0.114	0.099	0.102	647147706
2020-11-08 00:00	0.102	0.108	0.100	0.106	286691353
2020-11-09 00:00	0.106	0.108	0.101	0.106	307949579
2020-11-10 00:00	0.106	0.109	0.104	0.106	305122618
2020-11-11 00:00	0.106	0.109	0.105	0.107	254722982
2020-11-12 00:00	0.107	0.107	0.103	0.104	208989432
2020-11-13 00:00	0.104	0.108	0.104	0.106	236093439
2020-11-14 00:00	0.106	0.107	0.101	0.103	244799183
2020-11-15 00:00	0.103	0.105	0.100	0.101	184090729
2020-11-16 00:00	0.101	0.105	0.099	0.104	232479217
2020-11-17 00:00	0.104	0.112	0.103	0.109	408019596
2020-11-18 00:00	0.109	0.112	0.102	0.106	441590567
2020-11-19 00:00	0.106	0.108	0.104	0.106	238254640
2020-11-20 00:00	0.106	0.116	0.105	0.114	391108007
2020-11-21 00:00	0.114	0.132	0.113	0.129	1043966765
2020-11-22 00:00	0.129	0.154	0.120	0.149	1901146593
2020-11-23 00:00	0.149	0.159	0.141	0.152	1477916802
2020-11-24 00:00	0.152	0.183	0.150	0.162	1707266782
2020-11-25 00:00	0.162	0.175	0.156	0.161	986182126
2020-11-26 00:00	0.161	0.161	0.112	0.135	1731806850
2020-11-27 00:00	0.135	0.146	0.131	0.138	720451772
2020-11-28 00:00	0.138	0.172	0.136	0.165	1067501571
2020-11-29 00:00	0.164	0.171	0.157	0.165	787344544
2020-11-30 00:00	0.165	0.174	0.160	0.168	806402836
2020-12-01 00:00	0.168	0.175	0.141	0.157	1047464751
2020-12-02 00:00	0.157	0.160	0.151	0.157	447690624
2020-12-03 00:00	0.157	0.168	0.155	0.163	421199891
2020-12-04 00:00	0.163	0.165	0.150	0.151	432311639
2020-12-05 00:00	0.151	0.162	0.146	0.159	385167436
2020-12-06 00:00	0.159	0.163	0.153	0.159	273690619
2020-12-07 00:00	0.159	0.160	0.151	0.153	232192548
2020-12-08 00:00	0.153	0.155	0.143	0.144	369430230
2020-12-09 00:00	0.144	0.150	0.129	0.149	591526895
2020-12-10 00:00	0.149	0.149	0.139	0.143	297703610
2020-12-11 00:00	0.143	0.143	0.135	0.142	282419894
2020-12-12 00:00	0.142	0.147	0.139	0.146	247620494
2020-12-13 00:00	0.145	0.157	0.143	0.155	327046981
2020-12-14 00:00	0.155	0.157	0.150	0.156	260626374
2020-12-15 00:00	0.156	0.160	0.153	0.155	285278023
2020-12-16 00:00	0.155	0.167	0.149	0.166	454603729
2020-12-17 00:00	0.166	0.176	0.161	0.164	788313495
2020-12-18 00:00	0.164	0.169	0.158	0.164	422582854
2020-12-19 00:00	0.164	0.171	0.163	0.168	327197841
2020-12-20 00:00	0.168	0.169	0.161	0.163	305064660
2020-12-21 00:00	0.163	0.167	0.147	0.154	466481807
2020-12-22 00:00	0.154	0.161	0.149	0.155	469137349
2020-12-23 00:00	0.155	0.158	0.141	0.142	645788208
2020-12-24 00:00	0.142	0.153	0.126	0.152	888061640
2020-12-25 00:00	0.152	0.167	0.150	0.156	586843048
2020-12-26 00:00	0.156	0.162	0.149	0.161	567779998
2020-12-27 00:00	0.161	0.166	0.149	0.155	811582167
2020-12-28 00:00	0.155	0.176	0.153	0.173	753583665
2020-12-29 00:00	0.173	0.197	0.169	0.186	1568281366
2020-12-30 00:00	0.186	0.195	0.175	0.184	711346554
2020-12-31 00:00	0.184	0.186	0.174	0.181	451672042
2021-01-01 00:00	0.181	0.185	0.170	0.175	467728790
2021-01-02 00:00	0.175	0.185	0.168	0.177	641550183
2021-01-03 00:00	0.177	0.204	0.173	0.200	1110121809
2021-01-04 00:00	0.200	0.240	0.192	0.212	1525058776
2021-01-05 00:00	0.212	0.260	0.207	0.256	1424045803
2021-01-06 00:00	0.256	0.344	0.253	0.306	1926334871
2021-01-07 00:00	0.306	0.355	0.279	0.313	1564252993
2021-01-08 00:00	0.313	0.322	0.262	0.289	1319574429
2021-01-09 00:00	0.289	0.339	0.285	0.334	826019097
2021-01-10 00:00	0.334	0.341	0.279	0.309	913077166
2021-01-11 00:00	0.309	0.310	0.229	0.260	1498303011
2021-01-12 00:00	0.260	0.314	0.259	0.291	1083217645
2021-01-13 00:00	0.291	0.310	0.270	0.309	712932048
2021-01-14 00:00	0.310	0.325	0.296	0.304	677133802
2021-01-15 00:00	0.304	0.332	0.277	0.302	863832277
2021-01-16 00:00	0.302	0.367	0.300	0.349	1169105018
2021-01-17 00:00	0.349	0.389	0.332	0.384	1396414770
2021-01-18 00:00	0.384	0.397	0.364	0.369	725682630
2021-01-19 00:00	0.369	0.390	0.362	0.373	598957389
2021-01-20 00:00	0.373	0.380	0.330	0.364	652694255
2021-01-21 00:00	0.364	0.379	0.327	0.328	709226363
2021-01-22 00:00	0.328	0.360	0.280	0.349	973768424
2021-01-23 00:00	0.349	0.358	0.335	0.350	451234692
2021-01-24 00:00	0.350	0.369	0.336	0.349	449151961
2021-01-25 00:00	0.349	0.364	0.340	0.347	405009600
2021-01-26 00:00	0.347	0.351	0.324	0.342	367518079
2021-01-27 00:00	0.342	0.348	0.304	0.318	408114943
2021-01-28 00:00	0.318	0.349	0.304	0.344	472287606
2021-01-29 00:00	0.344	0.368	0.331	0.348	695828795
2021-01-30 00:00	0.348	0.377	0.337	0.364	485286307
2021-01-31 00:00	0.364	0.378	0.338	0.342	425851508
2021-02-01 00:00	0.342	0.383	0.332	0.383	522399234
2021-02-02 00:00	0.382	0.456	0.376	0.427	1786641067
2021-02-03 00:00	0.427	0.450	0.415	0.443	571208567
2021-02-04 00:00	0.443	0.450	0.410	0.435	503960490
2021-02-05 00:00	0.435	0.560	0.427	0.536	1230994217
2021-02-06 00:00	0.536	0.667	0.519	0.655	1200809399
2021-02-07 00:00	0.655	0.709	0.580	0.639	1663742585
2021-02-08 00:00	0.639	0.724	0.615	0.690	986578851
2021-02-09 00:00	0.690	0.712	0.660	0.694	661111198
2021-02-10 00:00	0.694	0.920	0.686	0.906	1540574454
2021-02-11 00:00	0.906	0.980	0.865	0.921	1111103839
2021-02-12 00:00	0.921	0.959	0.866	0.919	671793925
2021-02-13 00:00	0.919	0.951	0.820	0.886	594834521
2021-02-14 00:00	0.886	0.919	0.807	0.875	532931767
2021-02-15 00:00	0.876	0.911	0.686	0.840	873031333
2021-02-16 00:00	0.840	0.906	0.825	0.868	594211725
2021-02-17 00:00	0.868	0.893	0.822	0.891	454588448
2021-02-18 00:00	0.891	0.958	0.882	0.920	587796582
2021-02-19 00:00	0.921	0.946	0.879	0.938	545995333
2021-02-20 00:00	0.938	1.179	0.913	1.147	1274387274
2021-02-21 00:00	1.147	1.200	1.028	1.080	839112124
2021-02-22 00:00	1.080	1.146	0.831	1.112	1261954738
2021-02-23 00:00	1.113	1.142	0.810	0.937	1683692683
2021-02-24 00:00	0.937	1.077	0.898	1.020	928522153
2021-02-25 00:00	1.020	1.177	0.995	1.114	903042968
2021-02-26 00:00	1.114	1.298	0.990	1.236	1763875708
2021-02-27 00:00	1.235	1.488	1.165	1.363	1992430289
2021-02-28 00:00	1.363	1.363	1.154	1.342	1623156004
2021-03-01 00:00	1.342	1.350	1.231	1.313	1071190736
2021-03-02 00:00	1.313	1.315	1.180	1.187	764758389
2021-03-03 00:00	1.187	1.266	1.184	1.232	472887352
2021-03-04 00:00	1.232	1.234	1.067	1.092	733912700
2021-03-05 00:00	1.092	1.193	1.034	1.188	819003266
2021-03-06 00:00	1.189	1.197	1.085	1.114	410921559
2021-03-07 00:00	1.114	1.145	1.106	1.125	333649730
2021-03-08 00:00	1.125	1.178	1.108	1.117	388014602
2021-03-09 00:00	1.117	1.220	1.105	1.176	591342590
2021-03-10 00:00	1.176	1.213	1.115	1.149	422490253
2021-03-11 00:00	1.149	1.156	1.109	1.111	299396199
2021-03-12 00:00	1.110	1.129	1.020	1.043	422581019
2021-03-13 00:00	1.043	1.193	0.985	1.108	644308774
2021-03-14 00:00	1.108	1.109	1.060	1.071	303569888
2021-03-15 00:00	1.071	1.081	1.000	1.042	405287416
2021-03-16 00:00	1.042	1.280	1.000	1.235	1167968722
2021-03-17 00:00	1.235	1.430	1.204	1.364	1091796265
2021-03-18 00:00	1.364	1.473	1.239	1.276	1467535561
2021-03-19 00:00	1.275	1.343	1.180	1.319	838365627
2021-03-20 00:00	1.320	1.330	1.221	1.235	423502249
2021-03-21 00:00	1.235	1.241	1.160	1.201	325531068
2021-03-22 00:00	1.201	1.208	1.067	1.119	357419726
2021-03-23 00:00	1.119	1.174	1.081	1.114	390680781
2021-03-24 00:00	1.114	1.164	1.090	1.104	308053215
2021-03-25 00:00	1.104	1.154	1.038	1.121	572527680
2021-03-26 00:00	1.121	1.288	1.092	1.215	671853385
2021-03-27 00:00	1.215	1.239	1.156	1.198	280330112
2021-03-28 00:00	1.198	1.220	1.167	1.180	203540310
2021-03-29 00:00	1.180	1.230	1.178	1.201	264064629
2021-03-30 00:00	1.201	1.236	1.189	1.208	257730304
2021-03-31 00:00	1.208	1.216	1.151	1.195	296212123
2021-04-01 00:00	1.195	1.208	1.172	1.188	220604085
2021-04-02 00:00	1.188	1.248	1.180	1.190	305071655
2021-04-03 00:00	1.190	1.241	1.170	1.172	305910859
2021-04-04 00:00	1.172	1.193	1.152	1.180	218009684
2021-04-05 00:00	1.180	1.217	1.162	1.201	303228921
2021-04-06 00:00	1.201	1.344	1.190	1.243	730740036
2021-04-07 00:00	1.243	1.290	1.159	1.192	413383886
2021-04-08 00:00	1.191	1.225	1.170	1.207	222657528
2021-04-09 00:00	1.207	1.229	1.191	1.208	157726635
2021-04-10 00:00	1.208	1.252	1.192	1.212	288244343
2021-04-11 00:00	1.212	1.289	1.199	1.272	423270518
2021-04-12 00:00	1.272	1.348	1.260	1.302	562424404
2021-04-13 00:00	1.302	1.438	1.281	1.394	608917743
2021-04-14 00:00	1.394	1.558	1.348	1.459	1048915547
2021-04-15 00:00	1.459	1.495	1.410	1.489	417934644
2021-04-16 00:00	1.489	1.519	1.334	1.432	569934554
2021-04-17 00:00	1.432	1.458	1.355	1.397	334235735
2021-04-18 00:00	1.397	1.403	1.072	1.274	787304534
2021-04-19 00:00	1.274	1.324	1.171	1.228	483371618
2021-04-20 00:00	1.229	1.282	1.127	1.266	461261301
2021-04-21 00:00	1.266	1.290	1.202	1.226	407845535
2021-04-22 00:00	1.226	1.280	1.114	1.165	506940410
2021-04-23 00:00	1.165	1.181	0.920	1.114	1009281849
2021-04-24 00:00	1.114	1.198	1.093	1.132	436213027
2021-04-25 00:00	1.132	1.147	1.018	1.053	269196681
2021-04-26 00:00	1.052	1.251	1.045	1.221	508121506
2021-04-27 00:00	1.221	1.333	1.207	1.308	401943813
2021-04-28 00:00	1.308	1.349	1.233	1.340	387487240
2021-04-29 00:00	1.340	1.412	1.266	1.309	570931751
2021-04-30 00:00	1.309	1.371	1.286	1.348	315382248
2021-05-01 00:00	1.348	1.368	1.313	1.331	203587417
2021-05-02 00:00	1.331	1.359	1.294	1.336	229008495
2021-05-03 00:00	1.336	1.380	1.318	1.354	266639488
2021-05-04 00:00	1.354	1.367	1.256	1.306	417883185
2021-05-05 00:00	1.306	1.497	1.260	1.478	547264034
2021-05-06 00:00	1.478	1.692	1.429	1.658	1305497911
2021-05-07 00:00	1.658	1.748	1.526	1.616	823011069
2021-05-08 00:00	1.616	1.655	1.561	1.603	411305499
2021-05-09 00:00	1.603	1.833	1.573	1.798	880954227
2021-05-10 00:00	1.798	1.824	1.517	1.696	700468301
2021-05-11 00:00	1.695	1.779	1.595	1.730	550952460
2021-05-12 00:00	1.730	1.821	1.657	1.734	488114926
2021-05-13 00:00	1.734	1.960	1.500	1.945	1581857754
2021-05-14 00:00	1.945	1.990	1.811	1.963	718410031
2021-05-15 00:00	1.963	2.379	1.960	2.267	1384167624
2021-05-16 00:00	2.267	2.470	2.010	2.169	1159086785
2021-05-17 00:00	2.169	2.329	1.916	2.022	1184746631
2021-05-18 00:00	2.022	2.149	1.971	2.008	655094712
2021-05-19 00:00	2.008	2.037	1.010	1.559	2189203402
2021-05-20 00:00	1.559	1.949	1.322	1.845	1375827719
2021-05-21 00:00	1.845	1.870	1.320	1.517	1120109521
2021-05-22 00:00	1.517	1.602	1.366	1.498	866214836
2021-05-23 00:00	1.497	1.540	1.051	1.339	1392935118
2021-05-24 00:00	1.339	1.597	1.248	1.529	1088490382
2021-05-25 00:00	1.528	1.650	1.435	1.522	815908741
2021-05-26 00:00	1.522	1.832	1.522	1.738	855511034
2021-05-27 00:00	1.738	1.789	1.608	1.685	599141277
2021-05-28 00:00	1.685	1.690	1.450	1.468	804334979
2021-05-29 00:00	1.468	1.562	1.335	1.388	567305034
2021-05-30 00:00	1.388	1.700	1.346	1.609	781263498
2021-05-31 00:00	1.609	1.693	1.525	1.683	586904105
2021-06-01 00:00	1.682	1.780	1.653	1.743	558114424
2021-06-02 00:00	1.743	1.804	1.713	1.767	425838613
2021-06-03 00:00	1.767	1.890	1.713	1.823	427458895
2021-06-04 00:00	1.823	1.848	1.608	1.741	590248315
2021-06-05 00:00	1.741	1.782	1.610	1.621	369854359
2021-06-06 00:00	1.620	1.708	1.616	1.682	202041031
2021-06-07 00:00	1.682	1.741	1.562	1.601	306271806
2021-06-08 00:00	1.601	1.616	1.400	1.569	642672245
2021-06-09 00:00	1.569	1.635	1.483	1.595	464901430
2021-06-10 00:00	1.595	1.638	1.506	1.548	320783327
2021-06-11 00:00	1.548	1.561	1.419	1.426	313726712
2021-06-12 00:00	1.427	1.493	1.356	1.482	376337296
2021-06-13 00:00	1.482	1.580	1.400	1.558	318213706
2021-06-14 00:00	1.558	1.595	1.506	1.557	297442868
2021-06-15 00:00	1.557	1.611	1.544	1.551	220043657
2021-06-16 00:00	1.551	1.575	1.490	1.505	188599238
2021-06-17 00:00	1.505	1.539	1.457	1.470	175202553
2021-06-18 00:00	1.470	1.493	1.374	1.412	221673312
2021-06-19 00:00	1.412	1.441	1.387	1.405	147473390
2021-06-20 00:00	1.405	1.460	1.306	1.441	262554479
2021-06-21 00:00	1.441	1.452	1.200	1.201	464851911
2021-06-22 00:00	1.201	1.263	1.000	1.141	939613529
2021-06-23 00:00	1.141	1.310	1.108	1.225	501330103
2021-06-24 00:00	1.225	1.400	1.201	1.360	428779142
2021-06-25 00:00	1.360	1.397	1.243	1.273	546675830
2021-06-26 00:00	1.273	1.292	1.197	1.233	316127166
2021-06-27 00:00	1.233	1.302	1.232	1.273	202874720
2021-06-28 00:00	1.273	1.351	1.271	1.338	258293817
2021-06-29 00:00	1.337	1.420	1.311	1.392	280534170
2021-06-30 00:00	1.392	1.399	1.283	1.375	268927693
2021-07-01 00:00	1.375	1.386	1.302	1.341	204062152
2021-07-02 00:00	1.341	1.380	1.285	1.372	219158623
2021-07-03 00:00	1.372	1.444	1.358	1.401	199847461
2021-07-04 00:00	1.401	1.496	1.382	1.485	181777185
2021-07-05 00:00	1.485	1.488	1.376	1.423	227392848
2021-07-06 00:00	1.423	1.458	1.389	1.398	173341531
2021-07-07 00:00	1.398	1.442	1.394	1.410	123155359
2021-07-08 00:00	1.410	1.416	1.341	1.348	168575967
2021-07-09 00:00	1.348	1.375	1.286	1.351	169905706
2021-07-10 00:00	1.351	1.366	1.316	1.332	94553264
2021-07-11 00:00	1.332	1.367	1.323	1.362	71355658
2021-07-12 00:00	1.362	1.374	1.292	1.307	111488337
2021-07-13 00:00	1.307	1.322	1.250	1.263	122920961
2021-07-14 00:00	1.263	1.289	1.198	1.270	170139143
2021-07-15 00:00	1.270	1.290	1.205	1.232	131392302
2021-07-16 00:00	1.232	1.245	1.166	1.188	154747000
2021-07-17 00:00	1.188	1.202	1.150	1.183	129520841
2021-07-18 00:00	1.183	1.219	1.167	1.194	107713708
2021-07-19 00:00	1.194	1.195	1.116	1.124	141587777
2021-07-20 00:00	1.123	1.136	1.020	1.065	278718557
2021-07-21 00:00	1.065	1.222	1.037	1.149	286306468
2021-07-22 00:00	1.149	1.208	1.147	1.172	162367465
2021-07-23 00:00	1.172	1.209	1.147	1.170	117532423
2021-07-24 00:00	1.170	1.249	1.169	1.225	157586929
2021-07-25 00:00	1.225	1.239	1.190	1.218	104714267
2021-07-26 00:00	1.218	1.399	1.207	1.260	401992784
2021-07-27 00:00	1.260	1.316	1.214	1.263	242290197
2021-07-28 00:00	1.263	1.320	1.254	1.283	205744231
2021-07-29 00:00	1.283	1.299	1.256	1.279	127349786
2021-07-30 00:00	1.279	1.318	1.247	1.303	173852878
2021-07-31 00:00	1.303	1.329	1.287	1.322	130130633
2021-08-01 00:00	1.322	1.388	1.311	1.347	180615074
2021-08-02 00:00	1.347	1.354	1.293	1.309	151228161
2021-08-03 00:00	1.309	1.379	1.261	1.359	237040210
2021-08-04 00:00	1.359	1.394	1.323	1.387	188583281
2021-08-05 00:00	1.388	1.397	1.338	1.392	164422287
2021-08-06 00:00	1.391	1.425	1.361	1.392	168517877
2021-08-07 00:00	1.392	1.485	1.392	1.443	238358155
2021-08-08 00:00	1.444	1.494	1.407	1.439	206259285
2021-08-09 00:00	1.439	1.499	1.393	1.467	202644483
2021-08-10 00:00	1.468	1.701	1.457	1.689	336687164
2021-08-11 00:00	1.689	1.895	1.654	1.830	472409209
2021-08-12 00:00	1.830	1.869	1.679	1.751	447488645
2021-08-13 00:00	1.751	2.081	1.723	2.029	561296833
2021-08-14 00:00	2.029	2.250	2.011	2.208	637670788
2021-08-15 00:00	2.208	2.250	2.030	2.170	369508389
2021-08-16 00:00	2.170	2.200	2.046	2.094	316298870
2021-08-17 00:00	2.094	2.141	1.925	1.950	339935161
2021-08-18 00:00	1.950	2.164	1.870	2.091	470247172
2021-08-19 00:00	2.091	2.440	2.046	2.393	657343562
2021-08-20 00:00	2.393	2.582	2.350	2.489	648326365
2021-08-21 00:00	2.489	2.529	2.381	2.441	308171168
2021-08-22 00:00	2.441	2.652	2.424	2.609	447165401
2021-08-23 00:00	2.609	2.965	2.597	2.945	680887311
2021-08-24 00:00	2.945	2.972	2.587	2.756	631751380
2021-08-25 00:00	2.757	2.822	2.600	2.719	486894096
2021-08-26 00:00	2.718	2.785	2.470	2.574	390277190
2021-08-27 00:00	2.575	2.900	2.494	2.890	471568591
2021-08-28 00:00	2.889	2.950	2.772	2.862	263278782
2021-08-29 00:00	2.862	2.935	2.719	2.872	272399572
2021-08-30 00:00	2.872	2.902	2.752	2.815	223331720
2021-08-31 00:00	2.815	2.881	2.702	2.755	276091471
2021-09-01 00:00	2.755	2.904	2.720	2.856	194060718
2021-09-02 00:00	2.856	3.101	2.834	3.013	390871191
2021-09-03 00:00	3.013	3.030	2.900	2.965	209494870
2021-09-04 00:00	2.965	2.969	2.800	2.860	192065202
2021-09-05 00:00	2.861	2.956	2.813	2.937	169696127
2021-09-06 00:00	2.937	2.938	2.800	2.848	186688832
2021-09-07 00:00	2.848	2.875	2.000	2.382	935443116
2021-09-08 00:00	2.381	2.564	2.200	2.381	525871392
2021-09-09 00:00	2.381	2.623	2.374	2.528	464160330
2021-09-10 00:00	2.528	2.586	2.269	2.354	317993998
2021-09-11 00:00	2.354	2.800	2.331	2.703	522359535
2021-09-12 00:00	2.704	2.789	2.501	2.576	487706131
2021-09-13 00:00	2.576	2.629	2.309	2.414	401197604
2021-09-14 00:00	2.414	2.438	2.320	2.362	208808297
2021-09-15 00:00	2.361	2.582	2.353	2.499	284271082
2021-09-16 00:00	2.499	2.560	2.381	2.417	200104917
2021-09-17 00:00	2.417	2.442	2.313	2.353	128569680
2021-09-18 00:00	2.353	2.439	2.310	2.357	118012683
2021-09-19 00:00	2.358	2.397	2.277	2.306	115177490
2021-09-20 00:00	2.306	2.324	1.970	2.091	446450308
2021-09-21 00:00	2.091	2.229	1.910	2.026	441384752
2021-09-22 00:00	2.025	2.254	1.963	2.228	287570145
2021-09-23 00:00	2.228	2.290	2.179	2.250	181722405
2021-09-24 00:00	2.249	2.346	2.063	2.295	389067254
2021-09-25 00:00	2.295	2.459	2.235	2.320	322713610
2021-09-26 00:00	2.320	2.325	2.147	2.254	233258294
2021-09-27 00:00	2.255	2.277	2.156	2.194	154690828
2021-09-28 00:00	2.193	2.200	2.029	2.083	155629514
2021-09-29 00:00	2.083	2.150	2.020	2.050	141325907
2021-09-30 00:00	2.050	2.137	2.042	2.113	123048263
2021-10-01 00:00	2.113	2.271	2.092	2.260	187850047
2021-10-02 00:00	2.259	2.322	2.192	2.307	148088375
2021-10-03 00:00	2.308	2.313	2.221	2.239	144021528
2021-10-04 00:00	2.238	2.262	2.150	2.187	150968903
2021-10-05 00:00	2.188	2.258	2.174	2.244	130802393
2021-10-06 00:00	2.244	2.251	2.111	2.215	191356249
2021-10-07 00:00	2.214	2.375	2.150	2.295	255239286
2021-10-08 00:00	2.294	2.313	2.213	2.235	141242937
2021-10-09 00:00	2.236	2.300	2.220	2.275	110475548
2021-10-10 00:00	2.275	2.277	2.160	2.195	101915128
2021-10-11 00:00	2.194	2.250	2.107	2.156	131656627
2021-10-12 00:00	2.156	2.174	2.071	2.129	148832545
2021-10-13 00:00	2.130	2.200	2.078	2.175	131306102
2021-10-14 00:00	2.175	2.225	2.155	2.172	114521819
2021-10-15 00:00	2.172	2.243	2.136	2.213	202755866
2021-10-16 00:00	2.212	2.250	2.169	2.175	106866452
2021-10-17 00:00	2.175	2.189	2.089	2.142	104204883
2021-10-18 00:00	2.142	2.176	2.105	2.133	102951953
2021-10-19 00:00	2.134	2.157	2.093	2.097	92053310
2021-10-20 00:00	2.097	2.208	2.092	2.186	135718455
2021-10-21 00:00	2.186	2.298	2.133	2.155	264987327
2021-10-22 00:00	2.155	2.210	2.125	2.147	133121679
2021-10-23 00:00	2.148	2.175	2.131	2.153	73885636
2021-10-24 00:00	2.154	2.169	2.093	2.121	96231420
2021-10-25 00:00	2.122	2.178	2.112	2.145	105784848
2021-10-26 00:00	2.144	2.202	2.141	2.160	132268502
2021-10-27 00:00	2.160	2.163	1.804	1.954	398196522
2021-10-28 00:00	1.953	2.058	1.905	1.987	256888489
2021-10-29 00:00	1.987	2.048	1.979	2.016	162018876
2021-10-30 00:00	2.015	2.020	1.935	1.961	111472072
2021-10-31 00:00	1.961	2.029	1.918	1.983	153451137
2021-11-01 00:00	1.983	2.019	1.911	1.938	148195997
2021-11-02 00:00	1.939	1.996	1.933	1.964	123193227
2021-11-03 00:00	1.963	2.144	1.950	2.077	332573603
2021-11-04 00:00	2.078	2.103	1.933	1.987	179111753
2021-11-05 00:00	1.987	2.017	1.959	1.970	109132239
2021-11-06 00:00	1.971	2.040	1.942	1.998	105179370
2021-11-07 00:00	1.999	2.035	1.974	2.019	83802937
2021-11-08 00:00	2.019	2.140	2.008	2.107	179601258
2021-11-09 00:00	2.107	2.378	2.105	2.281	576312596
2021-11-10 00:00	2.280	2.331	1.932	2.046	456868932
2021-11-11 00:00	2.047	2.153	2.018	2.101	186060004
2021-11-12 00:00	2.100	2.106	1.991	2.057	162459300
2021-11-13 00:00	2.056	2.080	2.021	2.049	84746986
2021-11-14 00:00	2.048	2.070	2.009	2.036	57772671
2021-11-15 00:00	2.036	2.095	2.011	2.028	94089291
2021-11-16 00:00	2.027	2.029	1.759	1.897	265621025
2021-11-17 00:00	1.896	1.906	1.795	1.864	209564990
2021-11-18 00:00	1.864	1.907	1.701	1.798	213518558
2021-11-19 00:00	1.798	1.894	1.754	1.859	153486947
2021-11-20 00:00	1.859	1.956	1.854	1.916	127350170
2021-11-21 00:00	1.917	1.928	1.854	1.873	82522773
2021-11-22 00:00	1.872	1.878	1.757	1.779	148492709
2021-11-23 00:00	1.778	1.816	1.754	1.763	133174579
2021-11-24 00:00	1.764	1.767	1.586	1.646	296553126
2021-11-25 00:00	1.646	1.749	1.619	1.682	219181199
2021-11-26 00:00	1.682	1.700	1.495	1.553	333386835
2021-11-27 00:00	1.553	1.585	1.525	1.549	115091169
2021-11-28 00:00	1.549	1.584	1.416	1.580	206856440
2021-11-29 00:00	1.579	1.636	1.550	1.614	172901295
2021-11-30 00:00	1.614	1.629	1.544	1.565	186043849
2021-12-01 00:00	1.566	1.622	1.537	1.548	155613882
2021-12-02 00:00	1.548	1.760	1.517	1.712	437641810
2021-12-03 00:00	1.711	1.735	1.509	1.574	277079457
2021-12-04 00:00	1.573	1.578	1.188	1.410	612840081
2021-12-05 00:00	1.410	1.438	1.284	1.359	263276586
2021-12-06 00:00	1.359	1.397	1.255	1.387	328449599
2021-12-07 00:00	1.388	1.479	1.379	1.388	248071050
2021-12-08 00:00	1.387	1.423	1.337	1.406	189173031
2021-12-09 00:00	1.406	1.409	1.291	1.308	174478590
2021-12-10 00:00	1.308	1.334	1.247	1.251	178583378
2021-12-11 00:00	1.251	1.353	1.192	1.350	186412163
2021-12-12 00:00	1.350	1.415	1.319	1.358	158818408
2021-12-13 00:00	1.359	1.367	1.200	1.229	179779203
2021-12-14 00:00	1.230	1.284	1.198	1.270	179824101
2021-12-15 00:00	1.269	1.331	1.204	1.314	167812629
2021-12-16 00:00	1.315	1.331	1.255	1.269	115130758
2021-12-17 00:00	1.268	1.271	1.182	1.231	142524842
2021-12-18 00:00	1.232	1.267	1.200	1.246	85475483
2021-12-19 00:00	1.247	1.312	1.238	1.243	120402359
2021-12-20 00:00	1.243	1.264	1.201	1.243	123337355
2021-12-21 00:00	1.242	1.288	1.227	1.281	124170911
2021-12-22 00:00	1.281	1.369	1.276	1.344	161884118
2021-12-23 00:00	1.344	1.473	1.307	1.468	207434056
2021-12-24 00:00	1.469	1.491	1.401	1.412	131172674
2021-12-25 00:00	1.413	1.460	1.381	1.450	91638537
2021-12-26 00:00	1.450	1.467	1.407	1.456	104332718
2021-12-27 00:00	1.456	1.594	1.450	1.529	176600594
2021-12-28 00:00	1.530	1.540	1.376	1.403	234308527
2021-12-29 00:00	1.403	1.438	1.333	1.356	143185164
2021-12-30 00:00	1.356	1.378	1.297	1.350	143704582
2021-12-31 00:00	1.349	1.383	1.281	1.313	123170949
2022-01-01 00:00	1.313	1.364	1.305	1.362	67457711
2022-01-02 00:00	1.362	1.391	1.342	1.363	82447352
2022-01-03 00:00	1.363	1.380	1.310	1.324	86221682
2022-01-04 00:00	1.325	1.352	1.295	1.320	96285312
2022-01-05 00:00	1.321	1.353	1.223	1.243	134760192
2022-01-06 00:00	1.244	1.297	1.186	1.272	195831817
2022-01-07 00:00	1.273	1.287	1.189	1.225	212276543
2022-01-08 00:00	1.225	1.254	1.124	1.187	160202264
2022-01-09 00:00	1.186	1.230	1.147	1.182	122199901
2022-01-10 00:00	1.183	1.194	1.069	1.136	191077233
2022-01-11 00:00	1.135	1.196	1.122	1.187	116458245
2022-01-12 00:00	1.187	1.306	1.175	1.296	142351053
2022-01-13 00:00	1.297	1.354	1.231	1.250	179888195
2022-01-14 00:00	1.251	1.309	1.220	1.299	139450748
2022-01-15 00:00	1.299	1.319	1.251	1.308	85254018
2022-01-16 00:00	1.308	1.422	1.286	1.396	239781128
2022-01-17 00:00	1.395	1.573	1.386	1.528	503007171
2022-01-18 00:00	1.528	1.638	1.411	1.472	482398253
2022-01-19 00:00	1.472	1.534	1.330	1.332	341579672
2022-01-20 00:00	1.332	1.427	1.284	1.285	237384754
2022-01-21 00:00	1.286	1.307	1.110	1.141	405396773
2022-01-22 00:00	1.141	1.157	0.917	1.091	585574870
2022-01-23 00:00	1.090	1.170	1.050	1.068	249442016
2022-01-24 00:00	1.067	1.140	0.951	1.079	446985712
2022-01-25 00:00	1.078	1.081	0.991	1.027	222853826
2022-01-26 00:00	1.028	1.157	1.022	1.037	318115894
2022-01-27 00:00	1.037	1.089	1.004	1.034	199307346
2022-01-28 00:00	1.033	1.059	1.008	1.047	144176818
2022-01-29 00:00	1.046	1.084	1.037	1.065	88950755
2022-01-30 00:00	1.065	1.077	1.024	1.034	70715815
2022-01-31 00:00	1.034	1.060	1.006	1.048	103719380
2022-02-01 00:00	1.047	1.079	1.034	1.079	118006969
2022-02-02 00:00	1.078	1.103	1.022	1.032	130693958
2022-02-03 00:00	1.032	1.059	1.016	1.056	99416599
2022-02-04 00:00	1.056	1.117	1.045	1.109	131914867
2022-02-05 00:00	1.108	1.178	1.097	1.123	156549500
2022-02-06 00:00	1.123	1.144	1.097	1.125	98889461
2022-02-07 00:00	1.125	1.209	1.121	1.188	266624213
2022-02-08 00:00	1.188	1.263	1.133	1.168	276597241
2022-02-09 00:00	1.167	1.215	1.152	1.205	140938756
2022-02-10 00:00	1.204	1.225	1.146	1.162	179482446
2022-02-11 00:00	1.163	1.174	1.082	1.092	132541621
2022-02-12 00:00	1.093	1.096	1.029	1.049	153115909
2022-02-13 00:00	1.048	1.076	1.032	1.041	97080711
2022-02-14 00:00	1.042	1.055	1.018	1.040	140441861
2022-02-15 00:00	1.040	1.114	1.040	1.090	152060843
2022-02-16 00:00	1.090	1.115	1.066	1.086	105103266
2022-02-17 00:00	1.085	1.094	1.008	1.025	112445392
2022-02-18 00:00	1.025	1.043	0.992	0.998	129085271
2022-02-19 00:00	0.998	1.019	0.973	0.988	100097323
2022-02-20 00:00	0.988	0.999	0.919	0.935	145201697
2022-02-21 00:00	0.934	0.993	0.878	0.882	242518141
2022-02-22 00:00	0.883	0.898	0.813	0.875	310369990
2022-02-23 00:00	0.875	0.960	0.868	0.886	226360733
2022-02-24 00:00	0.886	0.899	0.746	0.867	562446721
2022-02-25 00:00	0.867	0.895	0.823	0.882	212257178
2022-02-26 00:00	0.881	0.930	0.877	0.903	152364812
2022-02-27 00:00	0.902	0.915	0.832	0.847	154288398
2022-02-28 00:00	0.848	0.951	0.840	0.930	217882607
2022-03-01 00:00	0.930	1.011	0.930	0.958	254015345
2022-03-02 00:00	0.958	0.977	0.927	0.946	150676607
2022-03-03 00:00	0.946	0.952	0.883	0.896	114054139
2022-03-04 00:00	0.896	0.911	0.838	0.842	144324714
2022-03-05 00:00	0.842	0.883	0.818	0.864	83124430
2022-03-06 00:00	0.864	0.872	0.828	0.841	70906935
2022-03-07 00:00	0.842	0.847	0.777	0.798	134021065
2022-03-08 00:00	0.798	0.821	0.787	0.791	128681341
2022-03-09 00:00	0.792	0.863	0.790	0.841	114976003
2022-03-10 00:00	0.841	0.854	0.785	0.807	115753737
2022-03-11 00:00	0.807	0.819	0.782	0.794	100640524
2022-03-12 00:00	0.794	0.802	0.786	0.793	52611088
2022-03-13 00:00	0.794	0.821	0.780	0.801	76468729
2022-03-14 00:00	0.801	0.816	0.776	0.794	107412670
2022-03-15 00:00	0.793	0.817	0.781	0.804	100277005
2022-03-16 00:00	0.805	0.834	0.792	0.827	159110940
2022-03-17 00:00	0.827	0.858	0.823	0.839	109831644
2022-03-18 00:00	0.839	0.860	0.820	0.852	83678590
2022-03-19 00:00	0.851	0.916	0.847	0.900	107619770
2022-03-20 00:00	0.900	0.916	0.864	0.881	98722036
2022-03-21 00:00	0.880	0.930	0.863	0.906	113118846
2022-03-22 00:00	0.906	0.988	0.903	0.982	167561051
2022-03-23 00:00	0.982	1.099	0.957	1.070	341710685
2022-03-24 00:00	1.069	1.190	1.064	1.154	384242493
2022-03-25 00:00	1.154	1.167	1.072	1.105	320631148
2022-03-26 00:00	1.104	1.157	1.079	1.148	137501713
2022-03-27 00:00	1.148	1.173	1.104	1.169	127651939
2022-03-28 00:00	1.170	1.246	1.161	1.201	261402238
2022-03-29 00:00	1.202	1.243	1.157	1.178	188850189
2022-03-30 00:00	1.179	1.218	1.161	1.192	152943152
2022-03-31 00:00	1.192	1.228	1.134	1.158	173811326
2022-04-01 00:00	1.158	1.175	1.104	1.168	184742762