2017-12-12 00:00	496.9	627.0	486.5	602.5	127157
2017-12-13 00:00	602.1	742.0	584.1	679.0	141330
2017-12-14 00:00	681.3	742.0	647.0	683.0	139320
2017-12-15 00:00	682.8	692.4	601.4	676.8	148984
2017-12-18 00:00	721.6	793.6	670.9	793.0	155586
2017-12-19 00:00	792.9	870.0	771.7	780.9	152776
2017-12-20 00:00	780.9	832.5	720.7	784.6	155808
2017-12-21 00:00	784.6	841.6	752.0	779.2	156176
2017-12-22 00:00	779.7	792.5	500.5	674.8	145222
2017-12-25 00:00	640.5	750.0	637.5	717.0	157862
2017-12-26 00:00	716.4	764.0	714.4	743.1	158748
2017-12-27 00:00	742.5	770.0	704.5	726.1	156520
2017-12-28 00:00	725.9	739.9	666.4	692.4	142946
2017-12-29 00:00	692.2	750.4	691.9	726.7	103142
2018-01-02 00:00	755.8	874.5	748.0	861.1	108354
2018-01-03 00:00	863.3	925.2	843.6	919.3	104572
2018-01-04 00:00	919.2	990.3	897.7	948.8	104460
2018-01-05 00:00	948.9	1010.5	926.4	950.7	113706
2018-01-08 00:00	1082.3	1221.5	966.4	1153.2	105516
2018-01-09 00:00	1153.7	1240.4	1100.2	1236.6	109448
2018-01-10 00:00	1236.6	1376.4	1232.0	1260.7	125640
2018-01-11 00:00	1257.7	1327.1	1112.0	1171.4	131980
2018-01-12 00:00	1171.6	1281.1	1079.5	1249.4	135876
2018-01-15 00:00	1314.7	1374.4	1277.4	1308.0	123242
2018-01-16 00:00	1306.0	1306.1	904.1	934.7	100364
2018-01-17 00:00	929.6	1106.3	759.6	1044.0	90852
2018-01-18 00:00	1050.0	1083.8	935.6	1035.1	137774
2018-01-19 00:00	1040.9	1082.7	964.1	1015.3	141310
2018-01-22 00:00	1025.6	1078.4	910.3	944.9	138002
2018-01-23 00:00	948.5	1015.9	902.4	988.7	139730
2018-01-24 00:00	988.7	1058.5	951.5	1034.9	115056
2018-01-25 00:00	1034.7	1096.6	1017.0	1055.4	112132
2018-01-26 00:00	1054.5	1069.9	979.7	1031.2	75704
2018-01-29 00:00	1224.9	1234.3	1145.3	1164.3	73
2018-01-30 00:00	1164.7	1170.5	1028.9	1064.8	90
2018-01-31 00:00	1065.1	1119.7	1014.0	1091.0	96
2018-02-01 00:00	1090.7	1153.6	945.4	1015.9	90
2018-02-02 00:00	1015.5	1034.7	735.6	882.9	100
2018-02-05 00:00	805.2	852.3	625.5	711.2	104
2018-02-06 00:00	711.2	796.9	560.1	786.3	130
2018-02-07 00:00	786.3	854.7	712.0	810.6	101
2018-02-08 00:00	809.9	839.3	741.7	797.2	99
2018-02-09 00:00	796.5	874.5	775.4	856.4	88
2018-02-12 00:00	827.8	870.6	802.0	860.2	86
2018-02-13 00:00	860.4	868.9	817.6	834.6	65
2018-02-14 00:00	834.4	914.6	831.3	899.1	56
2018-02-15 00:00	899.4	942.3	898.0	913.4	59
2018-02-16 00:00	914.4	940.5	903.2	931.6	53
2018-02-19 00:00	923.5	949.8	906.1	930.9	52
2018-02-20 00:00	931.0	952.8	909.7	910.2	48
2018-02-21 00:00	910.3	911.0	812.1	820.0	65
2018-02-22 00:00	820.9	865.7	783.3	801.1	66
2018-02-23 00:00	800.4	876.8	782.3	826.6	64
2018-02-26 00:00	835.3	873.6	828.6	860.9	56
2018-02-27 00:00	860.8	889.6	855.9	875.4	54
2018-02-28 00:00	875.5	882.4	850.6	860.9	55
2018-03-01 00:00	860.4	874.2	841.4	864.9	48
2018-03-02 00:00	865.0	870.0	844.4	851.1	48
2018-03-05 00:00	858.2	863.6	847.3	849.1	48
2018-03-06 00:00	848.8	850.6	798.0	812.1	48
2018-03-07 00:00	812.0	819.5	719.4	745.2	55
2018-03-08 00:00	745.5	766.7	693.4	697.2	52
2018-03-09 00:00	697.1	706.4	636.5	696.1	72
2018-03-12 00:00	714.4	735.4	673.4	691.5	55
2018-03-13 00:00	692.8	709.3	675.0	680.6	51
2018-03-14 00:00	682.1	698.1	581.1	583.1	60
2018-03-15 00:00	590.6	615.3	566.8	604.1	56
2018-03-16 00:00	604.9	621.0	580.4	608.5	48
2018-03-19 00:00	548.3	554.0	511.3	538.4	71
2018-03-20 00:00	537.4	562.7	512.3	559.1	57
2018-03-21 00:00	558.7	585.7	540.7	555.0	52
2018-03-22 00:00	555.1	573.4	512.4	526.3	53
2018-03-23 00:00	526.3	538.4	503.2	520.5	46
2018-03-26 00:00	527.3	530.6	463.0	469.0	57
2018-03-27 00:00	468.9	492.2	443.4	456.0	55
2018-03-28 00:00	455.9	460.3	435.7	438.6	52
2018-03-29 00:00	438.5	445.9	376.3	382.4	63
2018-03-30 00:00	382.5	407.6	361.2	382.1	78
2018-04-02 00:00	375.1	390.4	372.1	377.9	49
2018-04-03 00:00	378.0	415.7	377.0	411.9	49
2018-04-04 00:00	412.0	413.4	367.2	374.9	50
2018-04-05 00:00	374.8	383.5	363.6	372.4	55
2018-04-06 00:00	372.3	382.0	359.8	366.0	47
2018-04-09 00:00	394.6	427.8	384.4	392.2	55
2018-04-10 00:00	392.3	410.4	388.6	410.3	48
2018-04-11 00:00	410.2	420.8	405.1	418.1	48
2018-04-12 00:00	418.0	485.7	410.2	482.3	58
2018-04-13 00:00	482.2	525.5	472.6	489.6	67
2018-04-16 00:00	521.2	534.0	495.2	502.0	61
2018-04-17 00:00	502.2	517.6	497.9	502.4	52
2018-04-18 00:00	502.5	521.6	498.3	521.4	49
2018-04-19 00:00	521.5	560.7	516.6	558.6	50
2018-04-20 00:00	558.5	592.1	554.4	589.4	49
2018-04-23 00:00	633.7	644.9	614.1	637.7	50
2018-04-24 00:00	637.6	708.4	637.4	701.1	52
2018-04-25 00:00	701.1	704.6	590.4	643.8	88
2018-04-26 00:00	644.0	650.3	597.5	644.2	64
2018-04-27 00:00	644.1	682.0	642.7	646.6	55
2018-04-30 00:00	678.1	690.0	665.4	666.3	52
2018-05-01 00:00	666.2	670.6	625.2	666.7	54
2018-05-02 00:00	666.7	686.4	660.5	682.2	48
2018-05-03 00:00	682.3	771.3	680.5	761.7	65
2018-05-04 00:00	761.3	801.7	756.0	782.0	63
2018-05-07 00:00	780.2	791.3	693.0	746.6	84
2018-05-08 00:00	746.4	771.7	716.8	743.6	62
2018-05-09 00:00	743.8	757.0	706.4	743.9	54
2018-05-10 00:00	743.8	764.1	728.1	733.1	53
2018-05-11 00:00	733.2	733.3	663.8	671.0	66
2018-05-14 00:00	724.6	738.4	682.5	724.8	70
2018-05-15 00:00	724.9	735.2	703.4	705.1	59
2018-05-16 00:00	705.1	707.2	672.3	690.6	69
2018-05-17 00:00	690.7	715.2	674.9	675.0	54
2018-05-18 00:00	674.7	687.6	654.0	684.4	55
2018-05-21 00:00	715.4	716.2	684.5	691.1	49
2018-05-22 00:00	691.2	697.2	645.2	645.5	51
2018-05-23 00:00	645.6	650.8	560.8	593.0	68
2018-05-24 00:00	592.9	605.9	541.9	584.9	75
2018-05-25 00:00	585.1	612.7	572.6	580.1	52
2018-05-28 00:00	561.6	571.6	512.6	512.6	59
2018-05-29 00:00	512.8	569.0	503.8	564.9	65
2018-05-30 00:00	564.8	581.7	538.6	545.0	61
2018-05-31 00:00	545.1	582.3	544.5	580.5	58
2018-06-01 00:00	580.6	585.7	560.6	562.5	49
2018-06-04 00:00	615.5	621.9	576.3	594.3	48
2018-06-05 00:00	594.2	609.5	573.0	600.2	49
2018-06-06 00:00	600.3	608.4	590.5	603.4	49
2018-06-07 00:00	603.2	613.0	595.9	598.2	48
2018-06-08 00:00	598.3	604.8	589.9	595.3	46
2018-06-11 00:00	512.2	532.3	500.2	515.5	71
2018-06-12 00:00	515.4	535.2	481.9	487.9	57
2018-06-13 00:00	487.7	498.0	446.9	465.6	67
2018-06-14 00:00	465.7	522.8	456.8	514.0	72
2018-06-15 00:00	514.0	517.7	482.7	491.0	55
2018-06-18 00:00	495.4	521.0	484.5	513.7	50
2018-06-19 00:00	513.6	544.2	511.7	531.0	49
2018-06-20 00:00	530.9	538.2	513.7	530.2	52
2018-06-21 00:00	530.1	541.2	518.9	521.5	48
2018-06-22 00:00	521.4	523.6	453.8	460.3	47
2018-06-24 00:00	454.5	456.9	452.0	453.2	2
2018-06-25 00:00	453.7	470.1	442.0	460.6	48
2018-06-26 00:00	460.6	461.0	434.9	442.2	48
2018-06-27 00:00	442.3	442.7	418.4	433.1	48
2018-06-28 00:00	433.1	443.1	423.2	423.8	48
2018-06-29 00:00	423.8	425.8	402.8	410.8	46
2018-07-01 00:00	448.9	450.2	447.7	449.3	2
2018-07-02 00:00	449.4	479.3	441.6	478.7	48
2018-07-03 00:00	478.7	484.0	459.6	465.9	48
2018-07-04 00:00	466.1	479.7	449.8	472.4	48
2018-07-05 00:00	472.5	476.5	457.3	461.3	48
2018-07-06 00:00	461.2	472.4	449.8	466.2	46
2018-07-08 00:00	485.1	487.9	484.9	486.3	2
2018-07-09 00:00	486.5	488.6	470.4	475.0	48
2018-07-10 00:00	475.0	481.0	426.4	437.8	48
2018-07-11 00:00	437.9	445.1	422.9	437.1	48
2018-07-12 00:00	437.8	443.2	421.6	422.8	48
2018-07-13 00:00	422.9	439.4	416.0	428.2	46
2018-07-15 00:00	450.2	450.8	449.5	450.1	2
2018-07-16 00:00	450.1	477.3	442.7	473.4	50
2018-07-17 00:00	473.4	508.8	463.8	500.9	53
2018-07-18 00:00	500.8	512.4	467.5	473.4	53
2018-07-19 00:00	473.3	481.4	460.5	465.3	48
2018-07-20 00:00	465.4	474.1	440.4	442.6	50
2018-07-22 00:00	461.8	463.5	453.1	454.1	3
2018-07-23 00:00	454.0	467.0	445.1	448.8	51
2018-07-24 00:00	448.9	481.7	444.8	472.8	53
2018-07-25 00:00	472.7	482.2	461.7	473.4	51
2018-07-26 00:00	473.4	481.9	460.0	463.5	49
2018-07-27 00:00	463.5	467.3	454.0	464.8	49
2018-07-29 00:00	463.4	463.7	462.6	463.0	2
2018-07-30 00:00	463.0	467.2	444.0	451.3	49
2018-07-31 00:00	451.2	455.5	425.6	429.5	51
2018-08-01 00:00	429.4	432.5	406.3	406.7	48
2018-08-02 00:00	406.8	422.1	405.6	407.9	48
2018-08-03 00:00	407.9	417.3	395.4	413.3	46
2018-08-05 00:00	409.6	410.7	409.5	410.2	2
2018-08-06 00:00	410.1	410.5	399.1	399.2	48
2018-08-07 00:00	399.1	408.0	367.0	375.4	48
2018-08-08 00:00	375.3	379.9	345.6	356.3	48
2018-08-09 00:00	356.2	367.8	348.1	367.8	48
2018-08-10 00:00	367.7	367.9	340.6	340.8	46
2018-08-12 00:00	317.7	318.5	316.1	318.4	2
2018-08-13 00:00	318.5	319.8	282.7	285.0	48
2018-08-14 00:00	285.0	285.3	248.3	260.4	48
2018-08-15 00:00	260.4	302.2	258.9	287.4	48
2018-08-16 00:00	287.3	296.4	274.9	282.2	48
2018-08-17 00:00	282.1	305.2	281.5	298.4	46
2018-08-19 00:00	299.1	299.8	297.9	298.0	2
2018-08-20 00:00	297.9	301.4	280.0	280.6	48
2018-08-21 00:00	280.7	283.2	267.1	276.9	48
2018-08-22 00:00	276.8	296.4	260.2	264.8	48
2018-08-23 00:00	264.8	277.9	257.5	272.3	48
2018-08-24 00:00	272.2	279.3	268.1	277.7	46
2018-08-26 00:00	270.3	270.7	269.8	270.3	2
2018-08-27 00:00	270.1	277.1	269.6	274.4	48
2018-08-28 00:00	274.4	293.8	274.3	291.5	48
2018-08-29 00:00	291.6	295.5	282.0	288.9	48
2018-08-30 00:00	288.9	289.0	270.1	281.2	48
2018-08-31 00:00	281.3	282.5	274.4	281.0	46
2018-09-02 00:00	291.3	292.2	291.3	291.4	2
2018-09-03 00:00	291.6	293.9	283.4	288.8	48
2018-09-04 00:00	288.7	290.0	280.1	283.1	48
2018-09-05 00:00	283.1	285.2	237.1	241.5	48
2018-09-06 00:00	241.4	241.5	209.1	221.9	48
2018-09-07 00:00	221.9	231.7	211.6	215.4	46
2018-09-09 00:00	199.3	199.7	196.6	196.8	2
2018-09-10 00:00	196.8	200.2	185.1	193.6	48
2018-09-11 00:00	193.5	197.1	174.4	184.3	48
2018-09-12 00:00	184.4	184.6	165.8	178.9	48
2018-09-13 00:00	179.0	210.0	178.7	203.1	48
2018-09-14 00:00	203.2	222.3	201.0	216.9	46
2018-09-16 00:00	220.1	220.5	217.6	217.9	2
2018-09-17 00:00	218.0	223.0	190.6	194.9	48
2018-09-18 00:00	194.8	212.7	192.4	206.6	48
2018-09-19 00:00	206.5	212.9	195.8	207.9	48
2018-09-20 00:00	207.8	213.5	205.2	212.2	48
2018-09-21 00:00	212.3	250.1	210.3	241.0	46
2018-09-23 00:00	239.9	240.3	238.3	239.6	2
2018-09-24 00:00	239.4	244.0	228.4	231.4	48
2018-09-25 00:00	231.5	231.5	201.7	215.8	48
2018-09-26 00:00	215.7	220.8	205.6	213.6	48
2018-09-27 00:00	213.6	232.0	208.4	229.7	48
2018-09-28 00:00	229.7	231.9	213.3	219.1	46
2018-09-30 00:00	226.3	226.8	225.4	226.7	2
2018-10-01 00:00	226.9	233.1	223.0	229.0	48
2018-10-02 00:00	229.0	230.0	221.1	224.7	48
2018-10-03 00:00	224.8	226.2	214.3	214.4	48
2018-10-04 00:00	214.4	224.4	214.3	219.4	48
2018-10-05 00:00	219.5	223.0	217.4	221.2	46
2018-10-07 00:00	218.5	218.8	218.0	218.4	2
2018-10-08 00:00	218.5	226.1	218.3	225.6	48
2018-10-09 00:00	225.6	225.6	220.4	222.5	48
2018-10-10 00:00	222.4	223.9	217.4	219.6	48
2018-10-11 00:00	219.6	220.3	188.8	193.0	52
2018-10-12 00:00	193.0	195.3	181.4	191.4	46
2018-10-15 00:00	188.8	225.1	186.9	200.6	48
2018-10-16 00:00	200.5	208.9	198.8	203.7	48
2018-10-17 00:00	204.1	208.2	200.0	203.1	48
2018-10-18 00:00	203.0	208.0	194.0	195.7	48
2018-10-19 00:00	195.6	200.3	194.6	197.0	45
2018-10-22 00:00	199.9	201.2	194.6	196.0	44
2018-10-23 00:00	196.0	197.0	192.8	196.3	48
2018-10-24 00:00	196.3	197.5	195.2	196.3	48
2018-10-25 00:00	196.3	196.3	192.8	194.9	48
2018-10-26 00:00	194.9	199.1	193.6	195.0	44
2018-10-29 00:00	197.4	197.6	186.6	188.3	44
2018-10-30 00:00	188.4	190.2	188.0	189.6	48
2018-10-31 00:00	189.7	194.1	186.8	191.7	48
2018-11-01 00:00	191.7	193.5	191.2	192.6	48
2018-11-02 00:00	192.7	196.4	192.4	195.2	45
2018-11-05 00:00	205.1	206.2	200.5	201.7	44
2018-11-06 00:00	201.6	211.3	201.6	210.9	48
2018-11-07 00:00	211.0	217.7	210.4	211.9	48
2018-11-08 00:00	211.9	213.1	205.5	207.5	48
2018-11-09 00:00	207.6	207.6	202.1	203.4	45
2018-11-12 00:00	204.7	206.1	202.8	203.0	44
2018-11-13 00:00	202.7	203.8	197.9	198.6	48
2018-11-14 00:00	198.6	199.8	160.4	171.2	50
2018-11-15 00:00	170.9	175.8	160.5	170.1	48
2018-11-16 00:00	170.7	174.4	165.3	165.8	48
2018-11-19 00:00	169.2	170.9	137.4	142.4	48
2018-11-20 00:00	142.3	144.6	116.7	126.4	48
2018-11-21 00:00	126.3	132.3	117.0	127.2	48
2018-11-22 00:00	127.2	131.6	122.0	123.7	48
2018-11-23 00:00	123.9	124.1	111.6	115.0	48
2018-11-26 00:00	111.2	112.2	97.7	99.4	48
2018-11-27 00:00	99.3	104.4	94.2	103.6	48
2018-11-28 00:00	103.7	121.1	102.4	116.1	48
2018-11-29 00:00	115.7	118.4	108.6	110.3	48
2018-11-30 00:00	109.8	114.4	105.0	106.7	48
2018-12-03 00:00	111.4	112.0	100.3	103.9	48
2018-12-04 00:00	103.5	107.5	100.2	104.3	48
2018-12-05 00:00	103.9	104.6	96.5	97.2	48
2018-12-06 00:00	96.7	98.4	89.2	90.5	48
2018-12-07 00:00	90.1	93.0	76.6	88.2	48
2018-12-10 00:00	88.1	90.4	82.6	85.0	48
2018-12-11 00:00	84.0	86.7	80.6	84.0	48
2018-12-12 00:00	83.0	86.5	81.3	85.6	48
2018-12-13 00:00	85.0	85.9	79.0	80.3	48
2018-12-14 00:00	79.5	82.1	76.8	76.9	48
2018-12-17 00:00	79.0	92.2	78.6	89.4	48
2018-12-18 00:00	88.9	91.6	87.0	89.4	48
2018-12-19 00:00	88.9	103.1	88.9	94.3	48
2018-12-20 00:00	94.0	112.2	93.8	109.5	53
2018-12-21 00:00	109.3	114.3	100.5	103.0	49
2018-12-24 00:00	125.0	154.1	123.2	137.3	59
2018-12-26 00:00	125.2	131.7	118.8	123.7	53
2018-12-27 00:00	123.6	127.1	108.6	110.8	51
2018-12-28 00:00	110.5	133.4	107.6	129.3	49
2018-12-31 00:00	133.1	134.8	124.3	125.7	48
2019-01-02 00:00	132.7	151.0	131.9	149.8	49
2019-01-03 00:00	149.6	151.8	139.6	143.2	49
2019-01-04 00:00	143.0	150.8	140.5	149.1	49
2019-01-07 00:00	150.8	152.2	145.0	145.7	48
2019-01-08 00:00	145.6	148.0	141.5	144.0	48
2019-01-09 00:00	143.9	147.8	143.4	144.6	48
2019-01-10 00:00	144.5	145.9	117.4	122.2	52
2019-01-11 00:00	122.0	123.7	117.0	120.4	48
2019-01-14 00:00	110.5	126.4	109.8	123.1	49
2019-01-15 00:00	123.1	125.5	112.2	113.0	50
2019-01-16 00:00	112.8	122.7	112.8	117.5	49
2019-01-17 00:00	117.4	119.0	112.7	116.9	48
2019-01-18 00:00	116.8	118.6	113.5	114.9	48
2019-01-21 00:00	112.6	113.5	109.2	110.5	48
2019-01-22 00:00	110.0	114.9	106.7	113.0	48
2019-01-23 00:00	112.7	114.3	110.1	111.7	48
2019-01-24 00:00	111.3	112.6	109.3	111.9	48
2019-01-25 00:00	111.6	112.6	109.5	110.6	48
2019-01-28 00:00	107.9	108.6	96.4	99.1	48
2019-01-29 00:00	98.5	102.1	97.7	100.2	48
2019-01-30 00:00	99.6	104.8	98.5	103.0	48
2019-01-31 00:00	102.4	105.6	100.0	101.5	48
2019-02-01 00:00	100.7	102.6	98.3	102.1	48
2019-02-04 00:00	100.1	103.7	99.9	102.6	48
2019-02-05 00:00	101.5	102.7	100.3	101.9	48
2019-02-06 00:00	101.1	102.8	95.9	99.0	48
2019-02-07 00:00	98.2	100.9	97.9	99.1	48
2019-02-08 00:00	98.2	117.8	97.6	112.4	50
2019-02-11 00:00	112.4	120.6	112.4	115.4	49
2019-02-12 00:00	114.6	117.8	112.8	115.2	48
2019-02-13 00:00	114.7	120.5	114.7	115.9	48
2019-02-14 00:00	115.5	118.6	114.4	116.0	48
2019-02-15 00:00	115.4	118.5	114.4	115.4	48
2019-02-18 00:00	124.1	143.2	124.1	136.6	48
2019-02-19 00:00	136.1	144.6	135.6	138.5	48
2019-02-20 00:00	138.1	143.0	135.1	140.7	48
2019-02-21 00:00	139.9	144.3	137.1	139.1	48
2019-02-22 00:00	138.5	143.2	137.7	142.0	48
2019-02-25 00:00	133.9	136.6	126.3	131.4	84
2019-02-26 00:00	130.9	134.5	128.5	130.6	48
2019-02-27 00:00	129.9	135.4	121.7	126.4	48
2019-02-28 00:00	125.9	134.2	125.3	130.7	48
2019-03-01 00:00	130.1	133.2	129.2	131.7	48
2019-03-04 00:00	125.8	126.5	118.3	121.1	48
2019-03-05 00:00	120.5	133.2	119.7	130.8	48
2019-03-06 00:00	130.1	135.9	129.0	132.1	48
2019-03-07 00:00	131.4	135.3	130.3	133.0	48
2019-03-08 00:00	132.4	134.3	129.9	130.5	48
2019-03-10 00:00	130.4	131.3	130.3	130.7	2
2019-03-11 00:00	130.1	131.3	125.6	128.3	48
2019-03-12 00:00	128.3	130.0	123.5	127.8	48
2019-03-13 00:00	127.8	128.9	125.3	126.4	48
2019-03-14 00:00	125.9	130.1	124.5	127.1	48
2019-03-15 00:00	126.5	132.5	126.3	130.9	46
2019-03-17 00:00	134.7	134.8	134.1	134.3	2
2019-03-18 00:00	133.6	136.8	131.1	132.9	48
2019-03-19 00:00	132.9	134.3	131.4	133.1	48
2019-03-20 00:00	132.4	134.0	131.1	133.4	48
2019-03-21 00:00	132.9	135.0	127.9	131.0	48
2019-03-22 00:00	130.4	132.6	129.3	131.5	46
2019-03-24 00:00	130.5	130.8	130.4	130.7	2
2019-03-25 00:00	130.1	131.8	126.4	127.7	48
2019-03-26 00:00	127.1	129.4	126.7	128.4	48
2019-03-27 00:00	127.9	134.2	127.8	133.4	48
2019-03-28 00:00	133.4	135.3	131.8	132.9	48
2019-03-29 00:00	132.9	137.4	132.1	135.5	46
2019-03-31 00:00	136.6	136.8	136.3	136.4	2
2019-04-01 00:00	136.4	138.5	134.6	136.8	49
2019-04-02 00:00	136.8	158.3	135.9	155.9	48
2019-04-03 00:00	155.2	175.6	155.1	173.0	48
2019-04-04 00:00	173.0	173.0	148.4	153.8	50
2019-04-05 00:00	153.7	163.9	151.5	158.8	46
2019-04-07 00:00	169.1	170.2	167.7	169.0	2
2019-04-08 00:00	169.1	182.8	167.4	177.9	48
2019-04-09 00:00	177.4	178.8	170.0	172.5	48
2019-04-10 00:00	171.9	180.8	166.2	171.7	48
2019-04-11 00:00	171.1	173.5	156.2	159.4	48
2019-04-12 00:00	158.8	163.1	155.1	158.8	46
2019-04-14 00:00	160.2	161.2	160.2	160.9	2
2019-04-15 00:00	160.9	165.0	151.7	155.5	48
2019-04-16 00:00	155.5	163.3	154.8	161.5	48
2019-04-17 00:00	160.9	164.0	160.1	162.8	48
2019-04-18 00:00	162.8	171.6	160.6	170.6	48
2019-04-19 00:00	170.6	170.7	165.0	167.6	46
2019-04-21 00:00	163.7	164.8	163.7	164.6	2
2019-04-22 00:00	164.6	169.2	163.4	167.5	48
2019-04-23 00:00	167.5	172.5	165.4	168.4	48
2019-04-24 00:00	168.4	168.5	155.8	159.3	48
2019-04-25 00:00	158.8	162.0	155.9	155.9	48
2019-04-26 00:00	155.8	155.8	142.6	146.7	47
2019-04-28 00:00	149.3	149.3	148.9	148.9	2
2019-04-29 00:00	148.4	150.3	144.4	147.6	48
2019-04-30 00:00	147.6	153.9	146.7	153.1	48
2019-05-01 00:00	152.5	158.3	151.8	152.7	48
2019-05-02 00:00	152.7	156.1	151.4	154.7	48
2019-05-03 00:00	154.7	164.5	152.8	160.9	46
2019-05-06 00:00	156.8	171.3	152.9	168.7	66
2019-05-07 00:00	168.8	176.2	163.9	167.4	48
2019-05-08 00:00	166.9	169.0	158.2	164.2	48
2019-05-09 00:00	163.3	169.1	160.8	164.2	48
2019-05-10 00:00	163.4	171.9	162.8	166.6	46
2019-05-12 00:00	186.1	186.8	184.8	186.7	2
2019-05-13 00:00	186.0	204.4	181.3	200.2	49
2019-05-14 00:00	200.1	211.2	187.7	204.3	51
2019-05-15 00:00	203.6	240.9	203.5	237.4	48
2019-05-16 00:00	236.7	275.8	236.6	262.7	57
2019-05-17 00:00	261.7	268.4	219.2	228.3	53
2019-05-19 00:00	253.1	256.2	253.0	256.1	2
2019-05-20 00:00	256.1	260.5	235.3	249.4	49
2019-05-21 00:00	248.6	260.2	243.7	254.7	49
2019-05-22 00:00	253.9	257.2	237.4	239.1	51
2019-05-23 00:00	238.2	242.9	227.1	241.8	49
2019-05-24 00:00	240.9	251.9	237.7	248.9	46
2019-05-27 00:00	264.1	275.5	260.4	265.2	45
2019-05-28 00:00	264.3	272.3	261.3	269.2	48
2019-05-29 00:00	268.3	270.1	256.2	265.0	48
2019-05-30 00:00	265.1	284.6	235.0	244.6	52
2019-05-31 00:00	243.8	260.0	241.2	257.6	49
2019-06-03 00:00	263.8	266.8	250.8	254.7	51
2019-06-04 00:00	253.9	255.1	229.8	230.2	53
2019-06-05 00:00	229.0	244.8	228.8	241.0	48
2019-06-06 00:00	240.2	243.8	231.8	238.9	48
2019-06-07 00:00	238.9	250.1	237.9	242.8	46
2019-06-10 00:00	226.4	242.7	222.7	240.3	48
2019-06-11 00:00	240.3	244.9	233.4	242.4	48
2019-06-12 00:00	241.6	256.4	238.8	253.5	48
2019-06-13 00:00	252.6	260.4	251.2	257.4	48
2019-06-14 00:00	256.5	257.7	248.2	253.8	46
2019-06-16 00:00	261.9	264.5	261.7	264.5	2
2019-06-17 00:00	264.5	271.3	262.7	268.7	48
2019-06-18 00:00	268.7	271.6	256.9	257.5	48
2019-06-19 00:00	256.7	265.9	256.5	264.5	48
2019-06-20 00:00	263.7	270.3	261.8	268.1	48
2019-06-21 00:00	268.1	292.7	266.5	291.0	70
2019-06-23 00:00	309.4	313.6	303.5	304.8	3
2019-06-24 00:00	304.9	309.9	292.2	304.7	256
2019-06-25 00:00	304.7	311.7	301.8	309.2	202
2019-06-26 00:00	308.3	360.3	307.2	323.4	395
2019-06-27 00:00	323.5	340.3	271.3	288.5	531
2019-06-28 00:00	288.7	309.5	286.4	302.7	376
2019-06-30 00:00	299.2	299.3	295.2	295.5	2
2019-07-01 00:00	295.5	298.2	274.6	288.3	350
2019-07-02 00:00	288.2	292.9	267.3	283.2	331
2019-07-03 00:00	284.9	297.9	282.9	291.6	257
2019-07-04 00:00	291.5	300.4	287.9	289.0	216
2019-07-05 00:00	288.9	291.8	276.8	283.7	226
2019-07-07 00:00	302.7	304.5	302.5	303.9	2
2019-07-08 00:00	305.0	309.8	298.4	309.1	187
2019-07-09 00:00	308.0	315.5	299.2	303.0	202
2019-07-10 00:00	304.0	311.7	278.7	285.3	263
2019-07-11 00:00	284.3	287.1	259.3	265.2	322
2019-07-12 00:00	265.2	276.9	262.0	274.1	234
2019-07-14 00:00	232.5	235.5	232.4	235.2	2
2019-07-15 00:00	236.7	237.0	199.9	224.5	335
2019-07-16 00:00	224.4	231.7	187.7	201.2	355
2019-07-17 00:00	201.3	216.9	189.4	211.6	330
2019-07-18 00:00	211.5	224.2	203.0	220.7	301
2019-07-19 00:00	221.7	226.9	210.2	217.4	270
2019-07-21 00:00	219.1	221.8	219.1	220.8	2
2019-07-22 00:00	220.8	225.2	208.3	212.2	213
2019-07-23 00:00	212.3	216.2	204.8	213.9	175
2019-07-24 00:00	212.8	215.1	197.9	213.3	204
2019-07-25 00:00	213.4	222.8	210.4	216.2	198
2019-07-26 00:00	215.1	217.6	209.2	215.2	169
2019-07-28 00:00	203.4	203.6	202.0	202.0	2
2019-07-29 00:00	202.0	212.2	194.7	206.6	187
2019-07-30 00:00	206.6	211.5	201.2	205.8	142
2019-07-31 00:00	205.8	215.1	205.5	211.8	140
2019-08-01 00:00	211.9	215.9	207.9	213.1	125
2019-08-02 00:00	213.2	219.8	210.9	212.7	110
2019-08-04 00:00	217.7	218.0	216.1	217.5	2
2019-08-05 00:00	217.5	233.9	217.5	228.3	166
2019-08-06 00:00	228.3	236.5	218.6	220.7	156
2019-08-07 00:00	220.6	228.1	217.2	221.9	163
2019-08-08 00:00	221.8	223.8	211.5	213.8	131
2019-08-09 00:00	213.8	218.7	202.7	206.2	124
2019-08-11 00:00	211.1	211.4	209.4	210.2	2
2019-08-12 00:00	210.2	213.6	205.9	207.4	99
2019-08-13 00:00	208.4	209.0	199.8	203.6	105
2019-08-14 00:00	203.5	206.8	178.9	185.6	150
2019-08-15 00:00	185.7	187.0	170.6	183.3	183
2019-08-16 00:00	183.3	186.7	175.2	181.0	143
2019-08-18 00:00	190.9	191.9	190.8	191.9	2
2019-08-19 00:00	192.0	199.7	188.9	195.7	120
2019-08-20 00:00	195.7	200.5	190.6	193.3	103
2019-08-21 00:00	193.3	195.5	176.9	179.9	121
2019-08-22 00:00	179.8	192.0	178.8	189.2	126
2019-08-23 00:00	188.0	193.6	184.6	189.7	107
2019-08-25 00:00	179.9	180.8	178.9	180.4	2
2019-08-26 00:00	180.3	191.2	179.9	183.4	92
2019-08-27 00:00	183.5	186.0	180.4	182.6	72
2019-08-28 00:00	181.6	185.0	162.9	168.8	88
2019-08-29 00:00	168.9	170.9	159.7	165.1	73
2019-08-30 00:00	165.1	166.3	161.7	165.0	46
2019-09-01 00:00	166.4	167.8	166.2	167.0	2
2019-09-02 00:00	167.0	178.6	166.5	174.9	79
2019-09-03 00:00	176.1	179.9	171.3	176.4	86
2019-09-04 00:00	176.4	178.3	171.1	173.8	85
2019-09-05 00:00	172.8	174.4	166.4	168.9	77
2019-09-06 00:00	168.9	175.5	162.0	165.7	81
2019-09-08 00:00	176.1	177.4	175.6	177.4	2
2019-09-09 00:00	177.4	183.1	172.0	176.2	90
2019-09-10 00:00	176.2	181.5	172.6	175.5	82
2019-09-11 00:00	175.5	179.2	170.8	174.0	82
2019-09-12 00:00	174.0	178.5	172.4	177.5	56
2019-09-13 00:00	177.5	179.7	173.7	177.9	66
2019-09-15 00:00	185.1	186.0	185.1	185.4	2
2019-09-16 00:00	186.5	196.5	184.3	193.8	85
2019-09-17 00:00	195.0	212.1	192.0	207.8	110
2019-09-18 00:00	208.8	214.3	203.7	208.9	119
2019-09-19 00:00	207.8	221.4	198.4	216.2	131
2019-09-20 00:00	217.1	220.0	209.0	213.1	117
2019-09-22 00:00	204.3	206.2	203.4	206.0	2
2019-09-23 00:00	206.1	209.2	195.3	199.2	117
2019-09-24 00:00	199.1	199.5	151.3	164.5	211
2019-09-25 00:00	164.4	172.0	158.7	167.8	208
2019-09-26 00:00	167.7	170.3	149.2	162.8	153
2019-09-27 00:00	161.7	168.7	157.4	168.0	108
2019-09-29 00:00	164.4	166.0	164.2	165.3	2
2019-09-30 00:00	165.3	178.1	161.2	173.6	131
2019-10-01 00:00	173.6	182.8	170.5	173.5	150
2019-10-02 00:00	172.4	175.8	170.1	174.2	89
2019-10-03 00:00	174.2	178.5	166.7	171.1	93
2019-10-04 00:00	170.1	176.5	167.2	174.2	86
2019-10-06 00:00	166.9	167.3	166.4	167.2	2
2019-10-07 00:00	167.2	179.5	164.3	175.1	111
2019-10-08 00:00	175.1	182.2	173.2	174.9	114
2019-10-09 00:00	174.8	192.0	174.8	187.1	114
2019-10-10 00:00	187.1	192.9	184.0	189.3	104
2019-10-11 00:00	189.4	194.5	176.5	178.8	118
2019-10-13 00:00	176.4	176.8	176.1	176.8	2
2019-10-14 00:00	176.8	184.8	176.5	183.2	85
2019-10-15 00:00	182.1	185.4	173.8	175.8	94
2019-10-16 00:00	174.7	178.1	168.4	170.0	88
2019-10-17 00:00	170.0	176.0	168.6	173.2	84
2019-10-18 00:00	173.0	174.5	165.3	170.0	89
2019-10-20 00:00	170.9	171.0	170.3	170.9	2
2019-10-21 00:00	170.9	175.0	167.9	170.5	72
2019-10-22 00:00	171.5	172.4	167.2	168.3	71
2019-10-23 00:00	169.5	169.5	150.4	156.7	125
2019-10-24 00:00	155.6	160.9	154.8	155.9	85
2019-10-25 00:00	155.9	184.5	155.9	178.0	134
2019-10-27 00:00	182.5	182.7	181.5	181.7	2
2019-10-28 00:00	182.7	186.9	176.8	180.8	147
2019-10-29 00:00	181.9	190.2	177.6	187.9	132
2019-10-30 00:00	188.0	190.0	176.4	177.8	134
2019-10-31 00:00	179.0	182.5	174.2	178.9	115
2019-11-01 00:00	178.8	181.7	174.3	181.4	84
2019-11-03 00:00	176.7	176.7	175.4	176.6	2
2019-11-04 00:00	177.6	186.5	176.4	182.1	86
2019-11-05 00:00	183.2	189.4	178.9	186.0	110
2019-11-06 00:00	186.9	191.5	183.8	187.4	88
2019-11-07 00:00	187.5	189.3	180.7	183.3	87
2019-11-08 00:00	183.4	185.0	177.0	179.7	91
2019-11-10 00:00	185.5	185.7	185.3	185.5	2
2019-11-11 00:00	186.5	187.2	180.4	181.9	81
2019-11-12 00:00	182.9	184.2	178.3	181.9	71
2019-11-13 00:00	182.9	186.3	181.0	183.2	59
2019-11-14 00:00	184.4	185.9	178.9	180.7	72
2019-11-15 00:00	181.8	183.4	173.6	176.4	77
2019-11-17 00:00	180.1	181.0	180.1	181.0	2
2019-11-18 00:00	182.0	182.1	171.3	174.2	78
2019-11-19 00:00	175.2	175.4	168.5	171.4	83
2019-11-20 00:00	171.3	174.2	169.1	170.9	67
2019-11-21 00:00	172.0	172.5	152.8	155.4	95
2019-11-22 00:00	156.4	159.9	135.0	149.6	185
2019-11-24 00:00	140.5	140.9	139.8	139.9	2
2019-11-25 00:00	140.8	148.6	127.8	144.8	179
2019-11-26 00:00	144.9	146.9	139.7	143.9	100
2019-11-27 00:00	144.9	152.8	136.9	150.5	140
2019-11-28 00:00	150.5	151.8	146.2	149.2	101
2019-11-29 00:00	149.0	154.7	145.3	150.2	112
2019-12-01 00:00	146.0	146.9	145.7	146.9	2
2019-12-02 00:00	147.9	149.1	142.8	144.6	81
2019-12-03 00:00	144.6	147.0	141.9	143.7	65
2019-12-04 00:00	144.8	149.3	139.4	141.1	97
2019-12-05 00:00	142.1	145.9	139.9	143.8	83
2019-12-06 00:00	144.9	146.7	142.2	144.9	60
2019-12-08 00:00	147.1	147.2	146.8	146.9	2
2019-12-09 00:00	147.9	148.5	142.6	144.4	68
2019-12-10 00:00	144.3	145.0	139.9	140.9	58
2019-12-11 00:00	140.9	143.3	137.9	138.7	55
2019-12-12 00:00	139.8	142.7	135.4	140.6	61
2019-12-13 00:00	141.7	142.0	139.2	141.4	51
2019-12-15 00:00	138.8	138.8	138.4	138.5	2
2019-12-16 00:00	139.5	139.8	126.3	128.4	78
2019-12-17 00:00	128.5	129.5	116.8	117.9	77
2019-12-18 00:00	118.9	131.1	113.3	127.5	123
2019-12-19 00:00	127.6	131.6	121.9	123.4	92
2019-12-20 00:00	123.4	126.2	121.9	125.4	52
2019-12-22 00:00	131.5	131.5	130.3	130.4	2
2019-12-23 00:00	130.4	133.5	124.6	125.6	71
2019-12-24 00:00	125.5	128.0	124.6	126.4	69
2019-12-25 00:00	124.0	124.0	123.3	123.6	2
2019-12-26 00:00	123.6	130.5	122.6	124.5	74
2019-12-27 00:00	124.4	125.1	120.6	123.9	76
2019-12-29 00:00	133.3	133.4	131.2	133.1	2
2019-12-30 00:00	133.4	134.3	128.4	129.9	63
2019-12-31 00:00	130.0	131.7	126.1	126.7	72
2020-01-01 00:00	130.0	130.3	129.6	129.8	2
2020-01-02 00:00	129.8	129.8	124.4	125.8	61
2020-01-03 00:00	125.7	133.2	123.9	131.8	80
2020-01-05 00:00	136.3	136.3	133.4	133.8	2
2020-01-06 00:00	133.7	141.4	132.5	140.2	77
2020-01-07 00:00	140.2	143.7	137.4	140.8	105
2020-01-08 00:00	140.9	146.4	135.5	137.5	116
2020-01-09 00:00	137.4	139.9	133.8	135.3	84
2020-01-10 00:00	135.4	143.6	133.7	141.9	82
2020-01-12 00:00	143.1	143.2	142.8	142.8	2
2020-01-13 00:00	142.8	145.4	140.5	142.6	53
2020-01-14 00:00	142.5	169.1	141.9	162.5	192
2020-01-15 00:00	162.6	170.2	157.5	163.7	209
2020-01-16 00:00	163.6	165.7	157.0	161.5	164
2020-01-17 00:00	161.6	172.6	160.5	167.3	180
2020-01-19 00:00	162.8	164.3	162.5	164.1	2
2020-01-20 00:00	164.2	166.0	159.5	165.3	110
2020-01-21 00:00	165.3	168.3	163.1	167.3	94
2020-01-22 00:00	167.4	169.4	164.1	165.9	89
2020-01-23 00:00	165.9	166.2	157.2	160.6	134
2020-01-24 00:00	160.7	162.7	153.6	161.5	120
2020-01-26 00:00	164.8	165.7	164.6	165.4	2
2020-01-27 00:00	165.5	170.2	163.3	169.5	145
2020-01-28 00:00	169.5	172.8	167.7	170.4	142
2020-01-29 00:00	170.3	176.8	170.3	174.2	123
2020-01-30 00:00	174.2	183.4	168.9	183.3	149
2020-01-31 00:00	183.4	185.2	173.5	178.8	130
2020-02-02 00:00	190.5	190.7	190.0	190.0	2
2020-02-03 00:00	189.9	193.5	184.9	187.8	136
2020-02-04 00:00	187.9	189.9	182.8	185.8	129
2020-02-05 00:00	185.8	206.2	185.5	205.1	152
2020-02-06 00:00	205.2	214.6	199.6	211.8	212
2020-02-07 00:00	211.7	222.8	209.3	217.3	213
2020-02-09 00:00	223.1	224.2	223.0	223.8	2
2020-02-10 00:00	224.0	228.0	215.3	220.9	199
2020-02-11 00:00	221.0	238.1	216.3	235.9	202
2020-02-12 00:00	235.9	274.3	234.8	268.7	288
2020-02-13 00:00	268.6	276.3	254.8	261.2	330
2020-02-14 00:00	261.2	284.2	258.6	281.6	261
2020-02-16 00:00	251.2	252.7	250.0	250.3	2
2020-02-17 00:00	250.4	261.9	241.1	258.6	374
2020-02-18 00:00	258.5	284.9	257.7	279.8	300
2020-02-19 00:00	279.8	285.4	250.2	260.8	309
2020-02-20 00:00	260.8	265.0	244.2	257.7	366
2020-02-21 00:00	257.8	267.0	252.7	262.6	235
2020-02-23 00:00	269.2	270.3	269.1	270.3	2
2020-02-24 00:00	270.2	276.4	255.3	260.3	233
2020-02-25 00:00	260.4	264.9	243.1	248.7	252
2020-02-26 00:00	248.7	251.4	213.9	222.2	336
2020-02-27 00:00	222.1	236.8	208.3	224.8	355
2020-02-28 00:00	224.8	233.1	212.2	221.9	361
2020-03-01 00:00	212.6	213.1	211.7	213.1	2
2020-03-02 00:00	213.2	233.0	213.1	231.4	229
2020-03-03 00:00	231.3	231.6	218.5	222.2	201
2020-03-04 00:00	222.2	227.2	218.9	221.3	171
2020-03-05 00:00	221.3	232.8	221.2	229.5	185
2020-03-06 00:00	229.5	240.1	225.2	237.7	177
2020-03-08 00:00	208.2	210.7	206.4	208.4	2
2020-03-09 00:00	208.4	209.8	188.3	194.5	427
2020-03-10 00:00	194.7	204.7	193.6	201.0	220
2020-03-11 00:00	201.1	202.0	180.1	187.8	229
2020-03-12 00:00	187.9	194.2	122.8	128.7	548
2020-03-13 00:00	128.7	143.8	87.7	127.4	629
2020-03-15 00:00	118.4	132.1	118.4	131.5	2
2020-03-16 00:00	131.3	131.4	99.2	108.3	398
2020-03-17 00:00	108.4	119.6	105.7	116.2	273
2020-03-18 00:00	116.1	117.5	108.7	115.4	216
2020-03-19 00:00	115.3	139.7	113.6	136.7	236
2020-03-20 00:00	136.7	151.7	114.6	123.9	334
2020-03-22 00:00	122.7	127.2	122.7	125.7	2
2020-03-23 00:00	125.8	136.5	118.0	131.4	311
2020-03-24 00:00	130.8	142.6	129.7	136.8	290
2020-03-25 00:00	136.7	141.2	131.4	132.9	238
2020-03-26 00:00	132.9	137.5	132.0	134.9	153
2020-03-27 00:00	134.8	140.2	133.1	136.0	134
2020-03-29 00:00	124.0	124.1	123.2	123.3	2
2020-03-30 00:00	123.2	134.0	122.5	132.8	129
2020-03-31 00:00	132.9	133.9	128.9	132.8	119
2020-04-01 00:00	132.8	133.0	127.4	130.5	103
2020-04-02 00:00	130.5	148.5	130.5	141.0	178
2020-04-03 00:00	140.9	145.3	136.4	139.1	144
2020-04-05 00:00	140.6	141.3	140.4	141.1	2
2020-04-06 00:00	141.1	166.0	141.1	164.7	194
2020-04-07 00:00	164.6	175.0	160.7	165.4	216
2020-04-08 00:00	165.5	173.1	161.5	170.3	172
2020-04-09 00:00	170.3	172.3	163.8	169.4	129
2020-04-10 00:00	169.3	169.6	150.8	157.7	186
2020-04-12 00:00	162.6	162.8	161.5	162.5	2
2020-04-13 00:00	162.5	163.2	148.3	155.3	183
2020-04-14 00:00	155.4	160.7	154.2	157.5	148
2020-04-15 00:00	157.4	159.9	153.8	155.5	133
2020-04-16 00:00	155.4	173.1	146.8	171.5	245
2020-04-17 00:00	171.5	173.7	166.9	169.3	146
2020-04-19 00:00	180.0	182.1	180.0	181.7	2
2020-04-20 00:00	181.8	185.2	165.3	168.9	259
2020-04-21 00:00	168.9	173.4	166.9	171.4	214
2020-04-22 00:00	171.4	182.8	168.5	179.7	160
2020-04-23 00:00	179.7	192.8	177.0	189.2	206
2020-04-24 00:00	189.2	189.4	181.7	186.5	172
2020-04-26 00:00	195.7	196.1	194.7	194.8	2
2020-04-27 00:00	194.9	197.8	188.2	193.5	172
2020-04-28 00:00	193.4	196.3	190.9	195.0	134
2020-04-29 00:00	195.0	217.8	194.7	214.2	258
2020-04-30 00:00	214.2	225.9	200.9	207.6	406
2020-05-01 00:00	207.7	215.9	203.8	208.3	279
2020-05-03 00:00	205.9	209.1	205.7	207.9	2
2020-05-04 00:00	208.0	210.1	193.6	207.4	269
2020-05-05 00:00	207.5	210.6	199.9	203.5	206
2020-05-06 00:00	203.6	209.7	200.7	204.9	181
2020-05-07 00:00	204.8	213.7	195.4	211.0	243
2020-05-08 00:00	211.0	215.4	205.7	213.0	191
2020-05-10 00:00	187.3	189.1	186.1	187.6	2
2020-05-11 00:00	187.7	192.1	174.9	184.1	301
2020-05-12 00:00	184.2	190.8	182.5	187.0	176
2020-05-13 00:00	187.0	199.7	185.7	199.2	222
2020-05-14 00:00	199.3	204.7	194.2	201.5	177
2020-05-15 00:00	201.7	203.0	190.1	191.8	161
2020-05-17 00:00	206.3	208.1	206.3	207.2	2
2020-05-18 00:00	207.2	215.4	204.5	211.6	218
2020-05-19 00:00	211.6	214.3	207.7	210.7	197
2020-05-20 00:00	210.7	214.1	204.6	208.6	181
2020-05-21 00:00	208.6	210.0	190.0	197.3	202
2020-05-22 00:00	197.3	207.8	194.6	206.7	165
2020-05-24 00:00	204.7	206.2	204.6	205.3	2
2020-05-25 00:00	205.3	205.6	196.5	202.6	171
2020-05-26 00:00	202.6	203.5	195.2	199.6	129
2020-05-27 00:00	199.6	206.2	198.9	203.8	124
2020-05-28 00:00	203.9	214.1	203.0	212.5	158
2020-05-29 00:00	212.4	223.2	212.4	218.5	158
2020-05-31 00:00	233.7	233.7	230.9	233.0	2
2020-06-01 00:00	232.8	241.1	228.2	239.7	284
2020-06-02 00:00	239.8	251.8	224.3	236.3	229
2020-06-03 00:00	236.4	241.4	232.0	239.9	202
2020-06-04 00:00	239.8	245.1	234.7	240.5	225
2020-06-05 00:00	240.4	246.4	237.7	240.0	221
2020-06-07 00:00	240.6	241.4	240.1	240.5	2
2020-06-08 00:00	240.4	244.0	239.5	241.4	162
2020-06-09 00:00	241.5	248.5	237.3	243.2	146
2020-06-10 00:00	243.3	249.0	240.7	245.4	145
2020-06-11 00:00	245.5	248.9	224.3	231.7	173
2020-06-12 00:00	231.6	237.9	226.5	236.0	137
2020-06-14 00:00	232.6	232.6	230.1	231.2	2
2020-06-15 00:00	231.1	232.6	216.6	230.3	167
2020-06-16 00:00	230.4	234.5	227.3	233.1	140
2020-06-17 00:00	233.2	235.6	226.2	230.6	130
2020-06-18 00:00	230.5	232.9	226.1	228.3	108
2020-06-19 00:00	228.1	230.9	224.9	227.7	95
2020-06-21 00:00	227.4	228.3	227.3	227.7	2
2020-06-22 00:00	227.6	245.3	225.5	241.4	118
2020-06-23 00:00	241.2	243.4	239.3	242.5	106
2020-06-24 00:00	242.3	247.6	229.3	233.0	131
2020-06-25 00:00	232.8	234.0	225.7	232.5	117
2020-06-26 00:00	232.3	232.8	225.9	228.5	111
2020-06-28 00:00	223.2	224.0	222.9	223.4	2
2020-06-29 00:00	223.4	227.7	219.4	226.8	107
2020-06-30 00:00	226.8	228.4	221.3	224.6	103
2020-07-01 00:00	224.5	231.2	222.6	229.7	95
2020-07-02 00:00	229.7	230.6	221.5	225.9	112
2020-07-03 00:00	226.0	226.7	223.9	225.2	79
2020-07-05 00:00	223.3	225.4	222.1	224.7	2
2020-07-06 00:00	224.7	239.2	224.6	237.3	72
2020-07-07 00:00	237.2	242.2	233.1	236.6	62
2020-07-08 00:00	236.5	247.4	236.3	246.1	67
2020-07-09 00:00	245.8	246.9	236.4	240.3	64
2020-07-10 00:00	240.1	240.6	234.1	237.7	50
2020-07-12 00:00	237.2	237.7	236.7	237.5	2
2020-07-13 00:00	237.6	243.6	235.7	238.3	48
2020-07-14 00:00	238.1	240.4	235.3	238.7	48
2020-07-15 00:00	238.5	239.8	234.9	237.1	48
2020-07-16 00:00	236.9	237.6	228.3	231.1	48
2020-07-17 00:00	231.0	232.9	230.0	230.8	46
2020-07-19 00:00	234.1	234.2	233.5	234.0	2
2020-07-20 00:00	234.1	238.3	232.6	234.4	48
2020-07-21 00:00	234.3	245.4	233.9	243.4	48
2020-07-22 00:00	243.2	246.2	240.3	246.2	48
2020-07-23 00:00	246.0	279.0	245.7	273.6	52
2020-07-24 00:00	273.6	285.4	266.9	284.9	46
2020-07-26 00:00	308.2	311.6	308.2	308.9	2
2020-07-27 00:00	309.0	328.1	308.5	321.0	56
2020-07-28 00:00	320.9	332.3	304.8	317.0	64
2020-07-29 00:00	316.9	323.8	311.4	322.0	50
2020-07-30 00:00	321.8	340.9	312.9	334.2	54
2020-07-31 00:00	334.1	346.5	327.5	342.4	46
2020-08-02 00:00	371.8	376.5	369.1	376.0	3
2020-08-03 00:00	376.1	396.6	365.4	383.3	55
2020-08-04 00:00	383.3	401.6	379.1	390.2	53
2020-08-05 00:00	390.2	406.2	383.0	404.3	49
2020-08-06 00:00	404.1	404.5	391.3	394.2	49
2020-08-07 00:00	394.2	396.9	363.2	373.3	50
2020-08-09 00:00	391.7	392.9	386.8	387.8	2
2020-08-10 00:00	387.7	398.5	384.6	392.3	49
2020-08-11 00:00	392.2	397.0	364.9	372.0	54
2020-08-12 00:00	372.0	387.9	364.9	381.2	48
2020-08-13 00:00	381.0	420.6	375.3	417.4	52
2020-08-14 00:00	417.5	443.0	416.9	439.6	47
2020-08-16 00:00	429.0	432.0	428.2	429.9	2
2020-08-17 00:00	429.9	445.4	418.7	437.4	52
2020-08-18 00:00	437.2	438.7	413.1	425.8	50
2020-08-19 00:00	425.8	426.7	392.2	403.7	53
2020-08-20 00:00	403.8	417.7	400.8	415.1	48
2020-08-21 00:00	415.2	417.2	393.0	396.1	45
2020-08-23 00:00	391.4	391.9	390.5	391.8	2
2020-08-24 00:00	391.9	407.0	386.1	405.1	48
2020-08-25 00:00	405.0	408.8	368.5	377.4	50
2020-08-26 00:00	377.3	391.8	376.0	386.5	48
2020-08-27 00:00	386.5	395.4	370.2	380.9	51
2020-08-28 00:00	381.0	396.3	377.4	394.6	44
2020-08-30 00:00	421.1	423.2	418.8	420.2	2
2020-08-31 00:00	420.0	437.5	416.7	429.4	48
2020-09-01 00:00	429.2	484.6	428.0	481.8	53
2020-09-02 00:00	481.6	487.1	419.9	436.9	56
2020-09-03 00:00	436.8	449.4	390.3	400.8	63
2020-09-04 00:00	400.7	402.4	358.6	390.2	55
2020-09-06 00:00	350.1	358.7	349.8	355.8	2
2020-09-07 00:00	355.9	356.9	321.8	343.2	61
2020-09-08 00:00	343.1	355.1	329.5	336.8	58
2020-09-09 00:00	336.8	357.6	323.8	352.2	51
2020-09-10 00:00	352.0	376.2	348.9	365.7	49
2020-09-11 00:00	365.5	371.1	354.3	367.9	48
2020-09-13 00:00	361.4	363.6	359.8	361.5	2
2020-09-14 00:00	361.4	383.0	354.4	377.2	48
2020-09-15 00:00	377.0	380.9	361.0	366.5	48
2020-09-16 00:00	366.4	372.2	353.5	365.6	48
2020-09-17 00:00	365.1	392.7	362.0	391.2	48
2020-09-18 00:00	390.9	391.6	374.1	380.3	48
2020-09-20 00:00	367.2	369.2	364.9	368.4	2
2020-09-21 00:00	368.1	375.4	329.5	346.7	48
2020-09-22 00:00	346.5	346.8	334.1	344.9	48
2020-09-23 00:00	344.8	345.2	312.1	321.0	48
2020-09-24 00:00	321.0	347.6	315.2	344.3	48
2020-09-25 00:00	344.1	356.4	336.3	355.3	48
2020-09-27 00:00	351.1	352.7	350.8	351.4	2
2020-09-28 00:00	351.8	366.8	351.8	362.0	48
2020-09-29 00:00	361.8	362.0	348.6	356.0	48
2020-09-30 00:00	355.9	358.9	349.8	355.5	48
2020-10-01 00:00	355.3	368.9	344.0	349.5	48
2020-10-02 00:00	349.4	352.9	333.0	340.0	48
2020-10-04 00:00	349.7	351.2	349.4	350.1	2
2020-10-05 00:00	350.0	354.9	347.3	351.0	48
2020-10-06 00:00	350.6	353.7	335.2	337.4	48
2020-10-07 00:00	337.1	341.4	331.6	338.5	48
2020-10-08 00:00	338.3	352.0	332.6	348.5	48
2020-10-09 00:00	348.3	365.0	346.0	362.4	48
2020-10-11 00:00	371.2	372.1	370.4	371.3	2
2020-10-12 00:00	371.4	391.4	364.1	391.0	48
2020-10-13 00:00	390.9	393.6	373.1	381.4	48
2020-10-14 00:00	381.3	386.1	371.9	374.2	48
2020-10-15 00:00	373.7	380.4	368.6	376.8	48
2020-10-16 00:00	376.7	378.6	360.0	364.3	48
2020-10-18 00:00	373.9	375.0	373.6	374.4	2
2020-10-19 00:00	374.3	383.1	371.4	377.9	48
2020-10-20 00:00	377.9	379.5	364.4	368.7	48
2020-10-21 00:00	368.4	398.3	366.4	394.7	48
2020-10-22 00:00	394.4	418.3	388.6	417.0	48
2020-10-23 00:00	416.8	420.0	400.3	406.7	48
2020-10-25 00:00	406.1	406.7	405.5	406.2	2
2020-10-26 00:00	406.2	409.8	381.4	390.8	48
2020-10-27 00:00	390.7	409.1	388.7	401.7	48
2020-10-28 00:00	401.6	407.8	379.2	384.8	48
2020-10-29 00:00	384.5	392.5	379.3	386.4	48
2020-10-30 00:00	386.4	390.6	372.2	382.4	48
2020-11-01 00:00	392.8	395.5	392.6	395.0	2
2020-11-02 00:00	395.5	402.9	376.8	384.0	48
2020-11-03 00:00	383.5	384.7	369.0	381.8	48
2020-11-04 00:00	381.3	407.5	375.6	399.7	48
2020-11-05 00:00	399.1	416.7	395.3	412.7	48
2020-11-06 00:00	412.7	448.2	411.7	444.7	48
2020-11-08 00:00	449.8	451.0	445.0	448.3	2
2020-11-09 00:00	448.5	457.6	432.7	446.1	48
2020-11-10 00:00	445.6	453.7	437.6	450.5	48
2020-11-11 00:00	449.8	475.0	448.1	465.5	48
2020-11-12 00:00	465.0	468.9	451.3	461.9	48
2020-11-13 00:00	461.1	473.6	456.4	470.3	48
2020-11-15 00:00	441.9	443.6	440.8	442.0	2
2020-11-16 00:00	441.8	464.7	438.8	457.4	48
2020-11-17 00:00	456.7	483.5	456.6	479.2	48
2020-11-18 00:00	479.3	494.1	460.0	473.0	48
2020-11-19 00:00	472.4	479.7	463.6	471.5	48
2020-11-20 00:00	470.6	513.1	467.7	507.1	48
2020-11-22 00:00	565.8	573.8	562.9	571.7	2
2020-11-23 00:00	570.6	607.1	548.9	604.7	48
2020-11-24 00:00	603.8	621.8	588.6	598.0	48
2020-11-25 00:00	597.9	604.9	572.9	577.4	48
2020-11-26 00:00	576.3	578.0	481.4	512.3	51
2020-11-27 00:00	511.8	529.5	492.6	513.8	48
2020-11-29 00:00	555.5	567.7	555.5	565.1	2
2020-11-30 00:00	565.8	613.1	562.0	603.9	50
2020-12-01 00:00	603.7	634.8	562.4	593.7	50
2020-12-02 00:00	593.2	603.1	574.1	596.6	48
2020-12-03 00:00	596.1	622.3	584.8	613.9	48
2020-12-04 00:00	613.6	619.0	577.0	579.0	48
2020-12-06 00:00	593.4	597.4	591.4	597.0	2
2020-12-07 00:00	597.5	602.2	582.9	587.1	48
2020-12-08 00:00	586.7	593.7	557.9	564.4	48
2020-12-09 00:00	563.8	576.4	528.6	574.2	48
2020-12-10 00:00	573.9	576.2	546.3	562.2	48
2020-12-11 00:00	561.5	563.3	534.1	547.8	48
2020-12-13 00:00	586.8	589.7	586.7	589.3	2
2020-12-14 00:00	589.9	591.2	574.0	584.7	48
2020-12-15 00:00	584.0	595.3	577.8	587.3	48
2020-12-16 00:00	586.6	631.2	579.6	627.9	48
2020-12-17 00:00	627.2	675.1	625.8	639.2	48
2020-12-18 00:00	639.2	662.8	628.0	649.6	48
2020-12-20 00:00	654.7	655.4	629.8	630.2	4
2020-12-21 00:00	629.9	646.5	595.1	616.9	48
2020-12-22 00:00	616.5	632.8	586.4	621.2	48
2020-12-23 00:00	620.9	637.0	591.1	595.2	48
2020-12-24 00:00	595.3	608.4	550.8	603.8	48
2020-12-25 00:00	603.3	631.3	602.1	616.7	51
2020-12-27 00:00	671.5	679.3	658.2	675.1	4
2020-12-28 00:00	674.9	745.4	674.9	725.1	48
2020-12-29 00:00	725.0	737.8	686.5	722.8	48
2020-12-30 00:00	723.0	756.9	715.6	746.8	48
2020-12-31 00:00	746.7	754.0	721.5	737.0	48
2021-01-03 00:00	945.0	955.3	935.6	947.5	5
2021-01-04 00:00	947.8	1165.0	883.7	1005.4	114
2021-01-05 00:00	1005.4	1133.6	974.2	1083.1	114
2021-01-06 00:00	1082.0	1210.4	1059.6	1182.1	98
2021-01-07 00:00	1182.0	1287.4	1148.6	1253.5	93
2021-01-08 00:00	1253.5	1272.3	1063.2	1190.7	141
2021-01-10 00:00	1256.0	1272.8	1252.3	1268.0	4
2021-01-11 00:00	1267.2	1286.2	910.2	1030.3	168
2021-01-12 00:00	1030.3	1148.5	1005.0	1075.4	129
2021-01-13 00:00	1074.7	1126.1	985.0	1124.6	118
2021-01-14 00:00	1124.3	1244.2	1086.2	1184.9	106
2021-01-15 00:00	1184.9	1253.2	1068.6	1157.4	122
2021-01-17 00:00	1235.6	1264.4	1234.3	1258.7	5
2021-01-18 00:00	1260.3	1266.6	1182.1	1232.0	102
2021-01-19 00:00	1231.5	1437.5	1231.5	1408.8	116
2021-01-20 00:00	1408.8	1422.9	1235.6	1321.9	124
2021-01-21 00:00	1321.0	1387.6	1162.1	1169.3	134
2021-01-22 00:00	1169.4	1273.2	1039.5	1242.4	145
2021-01-24 00:00	1341.8	1353.4	1336.9	1351.1	4
2021-01-25 00:00	1351.1	1473.6	1308.8	1344.7	115
2021-01-26 00:00	1344.6	1376.2	1244.0	1333.2	130
2021-01-27 00:00	1333.1	1373.5	1205.4	1274.6	128
2021-01-28 00:00	1274.6	1356.9	1219.2	1348.4	117
2021-01-29 00:00	1348.3	1438.7	1286.1	1370.9	115
2021-01-31 00:00	1309.2	1311.0	1293.5	1293.6	4
2021-02-01 00:00	1294.2	1350.4	1270.0	1348.5	87
2021-02-02 00:00	1348.6	1539.2	1342.2	1518.0	100
2021-02-03 00:00	1518.1	1650.8	1508.1	1631.5	100
2021-02-04 00:00	1631.4	1696.4	1556.3	1640.3	96
2021-02-05 00:00	1640.2	1761.1	1588.9	1719.2	97
2021-02-07 00:00	1581.8	1602.5	1574.2	1597.5	5
2021-02-08 00:00	1593.0	1776.8	1564.8	1698.1	99
2021-02-09 00:00	1698.1	1822.2	1697.6	1767.7	101
2021-02-10 00:00	1767.6	1836.9	1679.0	1727.1	97
2021-02-11 00:00	1726.8	1816.8	1704.0	1767.6	98
2021-02-12 00:00	1767.7	1861.4	1739.3	1850.1	99
2021-02-14 00:00	1817.5	1827.5	1813.5	1826.1	5
2021-02-15 00:00	1824.1	1835.0	1661.1	1787.3	146
2021-02-16 00:00	1787.3	1824.3	1725.0	1751.6	143
2021-02-17 00:00	1751.6	1853.7	1732.2	1852.9	117
2021-02-18 00:00	1853.0	1948.0	1830.2	1943.7	135
2021-02-19 00:00	1943.8	1972.8	1890.0	1955.7	111
2021-02-21 00:00	1930.2	1936.8	1915.2	1918.7	7
2021-02-22 00:00	1921.0	1938.5	1535.0	1798.9	180
2021-02-23 00:00	1799.1	1801.8	1356.8	1534.3	290
2021-02-24 00:00	1533.9	1712.1	1500.1	1589.6	217
2021-02-25 00:00	1589.2	1670.5	1522.0	1522.9	192
2021-02-26 00:00	1522.5	1560.8	1399.5	1427.8	217
2021-02-28 00:00	1409.8	1424.7	1401.9	1413.7	5
2021-03-01 00:00	1415.9	1563.9	1396.7	1545.1	123
2021-03-02 00:00	1545.1	1603.8	1454.8	1465.8	80
2021-03-03 00:00	1465.8	1655.1	1463.6	1593.1	89
2021-03-04 00:00	1593.1	1623.3	1503.4	1514.7	118
2021-03-05 00:00	1514.5	1546.6	1440.9	1530.4	145
2021-03-07 00:00	1648.0	1663.9	1645.7	1662.2	2
2021-03-08 00:00	1662.2	1791.7	1660.2	1789.6	154
2021-03-09 00:00	1789.6	1856.6	1771.0	1823.3	85
2021-03-10 00:00	1823.2	1878.0	1756.5	1815.3	130
2021-03-11 00:00	1815.2	1842.1	1723.8	1838.4	95
2021-03-12 00:00	1838.3	1844.9	1720.0	1755.6	93
2021-03-14 00:00	1873.7	1875.9	1862.1	1867.1	2
2021-03-15 00:00	1867.2	1891.6	1734.2	1797.7	88
2021-03-16 00:00	1797.8	1817.6	1710.5	1785.3	73
2021-03-17 00:00	1785.1	1838.0	1741.5	1819.8	65
2021-03-18 00:00	1820.1	1847.7	1758.6	1780.7	95
2021-03-19 00:00	1780.7	1838.3	1733.3	1825.3	78
2021-03-21 00:00	1799.3	1809.2	1797.4	1808.2	2
2021-03-22 00:00	1808.4	1808.6	1659.4	1678.4	53
2021-03-23 00:00	1678.4	1719.9	1650.4	1665.8	80
2021-03-24 00:00	1665.8	1738.1	1578.8	1610.4	105
2021-03-25 00:00	1610.4	1620.1	1544.0	1607.9	106
2021-03-26 00:00	1608.1	1690.3	1577.7	1689.5	103
2021-03-28 00:00	1666.0	1677.7	1661.9	1671.1	2
2021-03-29 00:00	1671.1	1839.1	1669.2	1806.4	78
2021-03-30 00:00	1806.3	1857.0	1784.9	1843.3	69
2021-03-31 00:00	1843.5	1945.4	1771.2	1929.0	94
2021-04-01 00:00	1929.0	1980.2	1885.1	1960.7	89
2021-04-02 00:00	1960.8	2102.7	1947.8	2090.1	85
2021-04-04 00:00	2059.6	2075.8	2056.4	2074.4	2
2021-04-05 00:00	2074.4	2128.2	2002.2	2106.8	55
2021-04-06 00:00	2106.7	2148.4	2044.7	2111.5	91
2021-04-07 00:00	2111.6	2127.0	1930.4	1995.5	104
2021-04-08 00:00	1995.5	2075.6	1948.8	2048.4	55
2021-04-09 00:00	2048.6	2098.0	2043.9	2072.7	92
2021-04-11 00:00	2142.8	2142.8	2126.2	2130.5	2
2021-04-12 00:00	2131.4	2197.3	2101.2	2144.3	61
2021-04-13 00:00	2144.4	2314.8	2134.2	2280.0	92
2021-04-14 00:00	2279.9	2428.2	2266.4	2423.9	101
2021-04-15 00:00	2423.9	2500.6	2400.5	2498.1	95
2021-04-16 00:00	2498.3	2546.7	2303.4	2450.1	125
2021-04-18 00:00	2227.0	2227.0	2190.6	2219.7	4
2021-04-19 00:00	2221.2	2280.7	2080.0	2202.3	108
2021-04-20 00:00	2202.3	2344.0	2053.3	2340.8	106
2021-04-21 00:00	2341.2	2468.0	2236.6	2374.0	101
2021-04-22 00:00	2373.8	2642.6	2305.2	2413.5	88
2021-04-23 00:00	2413.5	2447.1	2106.3	2309.6	144
2021-04-25 00:00	2217.1	2242.7	2170.3	2212.6	4
2021-04-26 00:00	2213.4	2530.7	2208.0	2495.0	130
2021-04-27 00:00	2495.1	2679.4	2475.3	2645.6	110
2021-04-28 00:00	2645.6	2758.0	2560.0	2755.8	111
2021-04-29 00:00	2756.3	2797.9	2671.0	2740.3	83
2021-04-30 00:00	2740.1	2797.7	2725.7	2756.0	79
2021-05-02 00:00	2970.2	2983.9	2966.0	2973.0	2
2021-05-03 00:00	2971.0	3338.8	2928.7	3332.0	75
2021-05-04 00:00	3332.1	3527.0	3168.1	3334.0	151
2021-05-05 00:00	3334.0	3487.3	3210.1	3427.7	119
2021-05-06 00:00	3427.4	3606.6	3381.1	3518.1	127
2021-05-07 00:00	3518.2	3590.8	3356.8	3479.0	139
2021-05-09 00:00	3908.6	3944.5	3901.4	3903.8	2
2021-05-10 00:00	3904.0	4211.1	3676.4	4018.6	186
2021-05-11 00:00	4018.5	4156.6	3776.1	4124.7	199
2021-05-12 00:00	4126.0	4378.7	3936.2	4126.8	225
2021-05-13 00:00	4127.1	4239.8	3544.5	3754.2	188
2021-05-14 00:00	3754.4	4175.6	3610.5	4054.5	185
2021-05-16 00:00	3358.3	3507.4	3349.9	3473.6	5
2021-05-17 00:00	3473.7	3587.6	3118.9	3260.7	188
2021-05-18 00:00	3261.9	3564.5	3194.8	3402.5	179
2021-05-19 00:00	3402.8	3440.5	1890.6	2591.0	202
2021-05-20 00:00	2593.0	2995.7	2158.8	2839.6	215
2021-05-21 00:00	2839.3	2940.1	2105.8	2393.0	194
2021-05-23 00:00	2068.4	2148.6	2066.3	2093.7	4
2021-05-24 00:00	2093.8	2672.9	2047.7	2594.9	132
2021-05-25 00:00	2594.4	2751.2	2385.1	2614.0	183
2021-05-26 00:00	2613.9	2911.1	2608.2	2815.0	142
2021-05-27 00:00	2815.0	2889.2	2639.1	2780.6	119
2021-05-28 00:00	2780.8	2794.1	2329.5	2367.1	151
2021-05-30 00:00	2436.6	2447.9	2417.3	2417.3	2
2021-05-31 00:00	2420.8	2675.5	2274.6	2626.6	110
2021-06-01 00:00	2626.7	2738.9	2527.5	2597.5	88
2021-06-02 00:00	2597.6	2799.1	2551.5	2718.5	65
2021-06-03 00:00	2718.4	2888.0	2661.1	2816.2	70
2021-06-04 00:00	2816.1	2870.9	2552.0	2732.8	85
2021-06-06 00:00	2707.4	2717.1	2698.3	2712.1	2
2021-06-07 00:00	2713.6	2845.4	2572.4	2612.3	73
2021-06-08 00:00	2612.0	2643.0	2308.8	2518.0	113
2021-06-09 00:00	2518.0	2624.4	2407.0	2580.8	107
2021-06-10 00:00	2580.7	2623.0	2426.3	2482.8	71
2021-06-11 00:00	2482.9	2495.9	2331.0	2340.7	54
2021-06-13 00:00	2524.8	2547.3	2509.5	2519.2	2
2021-06-14 00:00	2519.1	2607.0	2461.6	2570.0	70
2021-06-15 00:00	2570.6	2638.7	2508.3	2530.3	76
2021-06-16 00:00	2530.1	2564.5	2379.6	2410.8	57
2021-06-17 00:00	2410.9	2457.3	2304.4	2346.1	49
2021-06-18 00:00	2345.9	2377.2	2137.5	2221.9	52
2021-06-20 00:00	2259.8	2273.9	2239.0	2248.0	2
2021-06-21 00:00	2247.9	2260.0	1872.9	1874.6	65
2021-06-22 00:00	1874.9	1994.2	1699.4	1872.9	76
2021-06-23 00:00	1873.0	2042.8	1821.8	1942.6	59
2021-06-24 00:00	1942.1	2033.2	1883.3	1997.0	48
2021-06-25 00:00	1996.9	2017.9	1791.2	1847.4	58
2021-06-27 00:00	1814.4	1834.7	1811.4	1832.1	2
2021-06-28 00:00	1832.1	2141.8	1829.7	2122.0	50
2021-06-29 00:00	2121.5	2243.6	2060.6	2211.9	48
2021-06-30 00:00	2211.8	2285.3	2087.7	2262.3	50
2021-07-01 00:00	2262.9	2280.5	2073.6	2128.8	51
2021-07-02 00:00	2128.5	2136.5	2016.7	2107.5	53
2021-07-04 00:00	2348.6	2385.8	2342.6	2379.7	2
2021-07-05 00:00	2379.1	2380.8	2158.7	2242.3	52
2021-07-06 00:00	2242.4	2347.0	2192.1	2285.8	51
2021-07-07 00:00	2285.4	2406.0	2281.4	2344.6	51
2021-07-08 00:00	2343.8	2343.8	2101.1	2104.0	68
2021-07-09 00:00	2103.8	2185.9	2047.2	2145.3	61
2021-07-11 00:00	2127.7	2171.7	2123.9	2161.4	2
2021-07-12 00:00	2163.1	2170.7	2005.8	2028.3	48
2021-07-13 00:00	2028.3	2043.6	1915.8	1943.5	48
2021-07-14 00:00	1943.6	2017.4	1865.3	1992.9	51
2021-07-15 00:00	1993.0	2037.3	1879.7	1916.0	49
2021-07-16 00:00	1916.0	1962.7	1848.9	1893.4	48
2021-07-18 00:00	1892.8	1914.6	1889.3	1909.8	2
2021-07-19 00:00	1911.7	1925.1	1803.7	1809.1	49
2021-07-20 00:00	1809.2	1837.9	1716.9	1783.8	48
2021-07-21 00:00	1783.8	2028.3	1753.2	1949.1	51
2021-07-22 00:00	1949.0	2044.1	1947.9	2005.8	51
2021-07-23 00:00	2005.6	2091.1	1990.1	2053.2	50
2021-07-25 00:00	2155.7	2170.5	2151.8	2159.9	2
2021-07-26 00:00	2157.7	2428.6	2153.5	2232.5	64
2021-07-27 00:00	2232.4	2317.8	2150.7	2263.5	56
2021-07-28 00:00	2263.6	2343.6	2243.4	2302.5	59
2021-07-29 00:00	2302.4	2339.4	2265.3	2310.9	51
2021-07-30 00:00	2310.7	2463.5	2309.0	2440.6	52
2021-08-01 00:00	2665.0	2677.6	2644.9	2649.8	2
2021-08-02 00:00	2649.9	2663.4	2508.7	2610.6	59
2021-08-03 00:00	2611.0	2635.4	2445.1	2488.0	50
2021-08-04 00:00	2488.1	2722.5	2457.1	2718.8	50
2021-08-05 00:00	2718.9	2842.4	2530.8	2825.3	72
2021-08-06 00:00	2822.8	2946.7	2720.8	2879.7	73
2021-08-08 00:00	2992.9	3037.8	2983.2	3033.8	2
2021-08-09 00:00	3034.0	3186.5	2894.2	3095.3	83
2021-08-10 00:00	3093.7	3232.7	3051.6	3168.3	86
2021-08-11 00:00	3165.6	3272.1	3120.5	3233.0	82
2021-08-12 00:00	3231.3	3238.1	2978.6	3042.1	85
2021-08-13 00:00	3040.5	3295.2	2986.4	3279.8	70
2021-08-15 00:00	3260.2	3274.7	3244.5	3256.0	2
2021-08-16 00:00	3256.1	3335.2	3133.4	3171.6	57
2021-08-17 00:00	3171.4	3288.2	3012.5	3022.8	55
2021-08-18 00:00	3022.8	3122.3	2950.2	3001.0	54
2021-08-19 00:00	3000.9	3167.2	2956.0	3160.1	55
2021-08-20 00:00	3159.8	3298.5	3145.7	3290.6	55
2021-08-22 00:00	3152.0	3171.9	3141.7	3165.2	2
2021-08-23 00:00	3164.2	3376.4	3160.8	3337.9	52
2021-08-24 00:00	3337.7	3356.0	3145.1	3193.9	57
2021-08-25 00:00	3193.4	3245.4	3079.1	3219.6	50
2021-08-26 00:00	3219.6	3247.4	3053.3	3133.5	51
2021-08-27 00:00	3133.6	3274.9	3058.3	3272.7	49
2021-08-29 00:00	3234.5	3245.3	3214.7	3239.3	4
2021-08-30 00:00	3239.4	3344.8	3141.9	3329.0	56
2021-08-31 00:00	3328.8	3469.8	3186.9	3399.4	60
2021-09-01 00:00	3399.7	3787.8	3368.2	3765.6	53
2021-09-02 00:00	3765.7	3837.9	3720.3	3826.7	49
2021-09-03 00:00	3826.6	4023.8	3709.3	3932.3	66
2021-09-05 00:00	3966.5	3978.0	3936.6	3949.9	4
2021-09-06 00:00	3950.0	3968.4	3865.6	3951.8	61
2021-09-07 00:00	3951.4	3966.7	3013.3	3372.3	68
2021-09-08 00:00	3372.3	3540.5	3216.1	3458.2	55
2021-09-09 00:00	3458.2	3564.3	3393.3	3454.6	50
2021-09-10 00:00	3454.3	3510.5	3145.9	3177.7	52
2021-09-12 00:00	3315.7	3334.4	3302.9	3332.6	5
2021-09-13 00:00	3332.3	3444.1	3110.5	3272.4	77
2021-09-14 00:00	3272.3	3404.9	3267.0	3343.8	51
2021-09-15 00:00	3343.8	3574.6	3337.4	3559.8	48
2021-09-16 00:00	3559.7	3672.0	3480.7	3555.1	58
2021-09-17 00:00	3554.5	3591.3	3347.0	3402.4	75
2021-09-19 00:00	3355.4	3360.5	3331.2	3339.5	3
2021-09-20 00:00	3339.2	3355.2	2916.5	3012.9	93
2021-09-21 00:00	3012.8	3101.0	2648.6	2816.7	114
2021-09-22 00:00	2816.7	3086.1	2713.1	3031.8	78
2021-09-23 00:00	3031.4	3170.7	3026.5	3141.7	49
2021-09-24 00:00	3139.9	3160.2	2733.2	2956.4	90
2021-09-26 00:00	3084.6	3085.1	3063.2	3083.1	3
2021-09-27 00:00	3083.3	3162.8	2942.5	2993.1	84
2021-09-28 00:00	2991.7	3025.1	2800.9	2879.4	93
2021-09-29 00:00	2879.3	2945.4	2779.1	2818.0	90
2021-09-30 00:00	2817.9	3044.7	2809.5	3001.4	81
2021-10-01 00:00	3001.5	3327.3	2965.5	3321.1	69
2021-10-03 00:00	3420.6	3423.4	3383.1	3389.1	6
2021-10-04 00:00	3384.7	3433.6	3269.4	3393.3	58
2021-10-05 00:00	3393.3	3537.8	3352.9	3535.1	53
2021-10-06 00:00	3535.3	3627.1	3339.4	3582.1	72
2021-10-07 00:00	3582.1	3650.7	3467.5	3632.1	57
2021-10-08 00:00	3632.1	3666.4	3533.5	3569.9	58
2021-10-10 00:00	3510.0	3510.0	3434.2	3452.9	7
2021-10-11 00:00	3453.1	3618.7	3372.4	3514.1	60
2021-10-12 00:00	3514.0	3545.0	3399.7	3481.9	73
2021-10-13 00:00	3481.7	3584.5	3408.9	3567.9	71
2021-10-14 00:00	3568.1	3821.9	3567.2	3774.0	58
2021-10-15 00:00	3774.0	3900.8	3731.3	3835.2	78
2021-10-17 00:00	3695.0	3761.6	3684.8	3760.6	6
2021-10-18 00:00	3759.0	3890.2	3673.3	3740.6	122
2021-10-19 00:00	3739.6	3857.5	3711.3	3808.7	77
2021-10-20 00:00	3808.7	4138.2	3807.2	4113.6	61
2021-10-21 00:00	4113.6	4369.3	4009.6	4088.5	104
2021-10-22 00:00	4088.5	4165.0	3888.6	3944.1	78
2021-10-24 00:00	4061.2	4094.9	4061.2	4075.0	4
2021-10-25 00:00	4076.0	4232.0	4056.9	4186.2	72
2021-10-26 00:00	4186.0	4292.1	4128.9	4200.6	75
2021-10-27 00:00	4201.0	4303.6	3938.4	3992.0	57
2021-10-28 00:00	3992.0	4290.6	3890.4	4249.8	52
2021-10-29 00:00	4249.8	4455.9	4232.0	4414.7	92
2021-10-31 00:00	4264.0	4324.7	4261.9	4303.3	4
2021-11-01 00:00	4310.5	4378.7	4149.2	4294.0	62
2021-11-02 00:00	4294.0	4529.4	4284.1	4527.9	53
2021-11-03 00:00	4527.8	4665.2	4453.2	4605.2	50
2021-11-04 00:00	4605.2	4612.0	4418.9	4521.6	49
2021-11-05 00:00	4521.6	4569.1	4442.3	4460.9	48
2021-11-07 00:00	4623.6	4634.6	4621.8	4623.8	3
2021-11-08 00:00	4626.0	4791.4	4588.5	4768.8	70
2021-11-09 00:00	4769.0	4837.2	4710.9	4795.4	58
2021-11-10 00:00	4795.4	4862.8	4465.8	4550.1	75
2021-11-11 00:00	4535.4	4778.1	4521.4	4742.0	52
2021-11-12 00:00	4742.0	4804.9	4506.4	4652.3	82
2021-11-14 00:00	4548.9	4590.1	4537.3	4570.9	4
2021-11-15 00:00	4572.4	4765.9	4539.8	4566.9	68
2021-11-16 00:00	4566.9	4582.7	4105.2	4251.6	83
2021-11-17 00:00	4251.7	4294.8	4065.0	4252.7	81
2021-11-18 00:00	4252.6	4342.2	3957.3	4020.0	103
2021-11-19 00:00	4019.7	4308.4	3956.3	4275.7	84
2021-11-21 00:00	4384.6	4387.8	4361.6	4361.6	5
2021-11-22 00:00	4364.3	4367.8	4021.5	4076.5	82
2021-11-23 00:00	4076.5	4384.2	4059.0	4347.8	60
2021-11-24 00:00	4350.2	4370.5	4165.7	4255.2	62
2021-11-25 00:00	4255.2	4529.5	4234.6	4497.2	48
2021-11-26 00:00	4497.2	4551.3	3913.7	4066.5	83
2021-11-28 00:00	4136.8	4256.8	4131.7	4251.9	7
2021-11-29 00:00	4266.2	4459.1	4218.8	4449.0	65
2021-11-30 00:00	4449.0	4752.4	4347.7	4625.9	57
2021-12-01 00:00	4625.9	4779.3	4532.0	4564.4	52
2021-12-02 00:00	4564.4	4634.3	4432.7	4543.8	52
2021-12-03 00:00	4543.8	4654.2	4044.0	4213.9	64
2021-12-05 00:00	4136.2	4152.4	4101.2	4145.1	7
2021-12-06 00:00	4147.6	4351.7	3921.5	4320.9	73
2021-12-07 00:00	4320.9	4425.6	4264.0	4287.5	53
2021-12-08 00:00	4284.5	4451.5	4224.8	4414.9	53
2021-12-09 00:00	4414.9	4487.2	4072.4	4162.1	76
2021-12-10 00:00	4162.2	4227.4	3930.6	3992.7	116
2021-12-12 00:00	4145.6	4153.0	4115.7	4120.5	3
2021-12-13 00:00	4123.8	4166.7	3667.8	3766.8	111
2021-12-14 00:00	3765.5	3878.7	3683.2	3849.2	91
2021-12-15 00:00	3849.1	4089.5	3641.8	4059.6	76
2021-12-16 00:00	4059.5	4110.2	3976.5	4028.2	75
2021-12-17 00:00	4027.6	4033.7	3697.5	3903.0	89
2021-12-19 00:00	3915.2	3935.9	3909.7	3917.8	5
2021-12-20 00:00	3914.9	3990.0	3751.6	3909.4	86
2021-12-21 00:00	3909.4	4059.6	3888.4	4022.7	61
2021-12-22 00:00	4020.9	4072.2	3936.0	4011.6	51
2021-12-23 00:00	4011.0	4150.4	3891.8	4110.7	58
2021-12-24 00:00	4110.7	4132.7	4037.9	4062.7	50
2021-12-26 00:00	4070.6	4102.6	4041.3	4080.9	5
2021-12-27 00:00	4082.4	4123.6	4031.8	4055.6	55
2021-12-28 00:00	4056.4	4072.2	3756.5	3803.6	71
2021-12-29 00:00	3803.2	3823.4	3693.6	3723.2	75
2021-12-30 00:00	3723.2	3764.9	3581.8	3732.9	77
2021-12-31 00:00	3732.5	3810.9	3679.7	3743.9	51
2022-01-03 00:00	3808.1	3846.7	3678.6	3720.4	63
2022-01-04 00:00	3719.7	3887.5	3710.5	3821.9	62
2022-01-05 00:00	3821.9	3844.0	3548.5	3549.9	80
2022-01-06 00:00	3549.9	3564.6	3296.8	3423.8	81
2022-01-07 00:00	3423.6	3431.6	3060.6	3211.0	99
2022-01-09 00:00	3192.8	3200.3	3181.1	3185.2	4
2022-01-10 00:00	3187.2	3196.1	2925.6	3070.8	90
2022-01-11 00:00	3070.8	3261.2	3049.0	3228.1	54
2022-01-12 00:00	3228.2	3408.1	3203.4	3364.1	55
2022-01-13 00:00	3364.2	3408.6	3230.2	3267.4	54
2022-01-14 00:00	3267.4	3339.4	3187.9	3329.0	51
2022-01-16 00:00	3330.9	3335.0	3324.4	3327.2	4
2022-01-17 00:00	3326.7	3360.9	3153.1	3162.5	53
2022-01-18 00:00	3162.5	3240.5	3080.9	3160.3	54
2022-01-19 00:00	3159.8	3189.8	3048.8	3110.9	58
2022-01-20 00:00	3111.0	3268.4	3077.5	3077.6	57
2022-01-21 00:00	3077.6	3102.7	2556.2	2605.8	112
2022-01-23 00:00	2420.1	2435.6	2401.9	2418.9	8
2022-01-24 00:00	2415.8	2545.2	2156.1	2439.0	129
2022-01-25 00:00	2438.9	2504.3	2347.2	2410.0	92
2022-01-26 00:00	2409.5	2719.2	2402.5	2415.1	65
2022-01-27 00:00	2415.1	2518.0	2312.9	2357.0	55
2022-01-28 00:00	2352.5	2547.3	2326.7	2531.8	54
2022-01-31 00:00	2555.1	2704.4	2475.4	2677.3	52
2022-02-01 00:00	2677.0	2811.2	2672.9	2795.3	58
2022-02-02 00:00	2795.4	2809.0	2612.3	2652.7	59
2022-02-03 00:00	2652.6	2722.4	2573.4	2657.3	59
2022-02-04 00:00	2656.7	2975.8	2642.0	2952.0	58
2022-02-06 00:00	2983.2	2999.8	2979.1	2992.4	4
2022-02-07 00:00	2992.3	3186.4	2982.5	3149.8	60
2022-02-08 00:00	3149.8	3230.2	3024.9	3113.8	50
2022-02-09 00:00	3113.8	3270.3	3053.7	3235.7	49
2022-02-10 00:00	3236.3	3280.9	3083.0	3112.8	66
2022-02-11 00:00	3112.6	3137.3	2904.2	2923.5	76
2022-02-13 00:00	2899.7	2904.3	2870.5	2871.3	5
2022-02-14 00:00	2872.9	2962.8	2828.7	2911.4	55
2022-02-15 00:00	2911.4	3146.1	2910.3	3094.9	50
2022-02-16 00:00	3094.9	3194.9	3043.0	3139.0	51
2022-02-17 00:00	3139.0	3158.7	2851.2	2892.4	59
2022-02-18 00:00	2892.3	2941.8	2750.1	2778.7	86
2022-02-21 00:00	2600.5	2755.6	2576.0	2579.2	110
2022-02-22 00:00	2579.2	2663.9	2498.4	2603.7	94
2022-02-23 00:00	2603.1	2751.8	2589.6	2616.2	74
2022-02-24 00:00	2614.3	2732.3	2298.6	2633.1	125
2022-02-25 00:00	2632.3	2743.6	2542.5	2704.8	74
2022-02-28 00:00	2596.0	2836.6	2567.4	2817.4	74
2022-03-01 00:00	2817.4	3035.1	2816.4	2952.6	79
2022-03-02 00:00	2952.7	3041.7	2911.8	2973.2	75
2022-03-03 00:00	2973.3	2984.4	2782.9	2801.7	74
2022-03-04 00:00	2801.6	2845.7	2595.7	2604.4	106
2022-03-07 00:00	2625.1	2644.8	2442.3	2480.1	98
2022-03-08 00:00	2479.9	2621.6	2476.7	2555.5	94
2022-03-09 00:00	2555.5	2770.3	2553.4	2704.9	74
2022-03-10 00:00	2703.3	2732.8	2550.3	2600.7	77
2022-03-11 00:00	2600.5	2673.7	2523.0	2567.5	57
2022-03-13 00:00	2542.5	2558.5	2539.4	2557.0	4
2022-03-14 00:00	2559.1	2605.8	2490.1	2537.7	71
2022-03-15 00:00	2537.8	2666.1	2505.8	2629.9	64
2022-03-16 00:00	2629.0	2785.9	2602.4	2763.7	59
2022-03-17 00:00	2762.2	2834.0	2740.7	2817.8	53
2022-03-18 00:00	2817.8	2982.3	2766.2	2945.6	47
2022-03-20 00:00	2870.3	2885.2	2859.0	2876.7	5
2022-03-21 00:00	2876.3	2958.4	2830.0	2919.0	48
2022-03-22 00:00	2919.0	3048.9	2880.6	3013.5	48
2022-03-23 00:00	3013.5	3042.5	2918.9	2996.0	48
2022-03-24 00:00	2996.0	3126.3	2990.6	3105.8	48
2022-03-25 00:00	3104.2	3191.0	3074.0	3123.3	49
2022-03-27 00:00	3235.3	3294.3	3220.5	3274.7	9
2022-03-28 00:00	3273.9	3429.8	3260.6	3378.6	50
2022-03-29 00:00	3378.7	3479.7	3314.1	3373.5	50
2022-03-30 00:00	3373.5	3444.6	3330.5	3385.8	51
2022-03-31 00:00	3383.5	3442.4	3259.4	3285.4	53
2022-04-01 00:00	3285.3	3471.1	3210.1	3466.5	42